week,day_number,day_name,portion_transliteration,title_english,title_hebrew,torah_daily_reading,sefaria_bilingual_link,weekly_torah_reading,haftarah_prophets_writings,new_testament,source_note
1,1,Sunday,Bereshit,In the Beginning,בראשית,Genesis 1:1-2:3,https://www.sefaria.org/Genesis%201%3A1-2%3A3?lang=bi,Genesis  1:1-6:8,Isa 42:5-43:11,John 1:1-14,Recovered from HomeGroupsApp PWA; daily aliyot from Hebcal
1,2,Monday,Bereshit,In the Beginning,בראשית,Genesis 2:4-2:19,https://www.sefaria.org/Genesis%202%3A4-2%3A19?lang=bi,Genesis  1:1-6:8,Isa 42:5-43:11,John 1:1-14,Recovered from HomeGroupsApp PWA; daily aliyot from Hebcal
1,3,Tuesday,Bereshit,In the Beginning,בראשית,Genesis 2:20-3:21,https://www.sefaria.org/Genesis%202%3A20-3%3A21?lang=bi,Genesis  1:1-6:8,Isa 42:5-43:11,John 1:1-14,Recovered from HomeGroupsApp PWA; daily aliyot from Hebcal
1,4,Wednesday,Bereshit,In the Beginning,בראשית,Genesis 3:22-4:18,https://www.sefaria.org/Genesis%203%3A22-4%3A18?lang=bi,Genesis  1:1-6:8,Isa 42:5-43:11,John 1:1-14,Recovered from HomeGroupsApp PWA; daily aliyot from Hebcal
1,5,Thursday,Bereshit,In the Beginning,בראשית,Genesis 4:19-4:22,https://www.sefaria.org/Genesis%204%3A19-4%3A22?lang=bi,Genesis  1:1-6:8,Isa 42:5-43:11,John 1:1-14,Recovered from HomeGroupsApp PWA; daily aliyot from Hebcal
1,6,Friday,Bereshit,In the Beginning,בראשית,Genesis 4:23-5:24,https://www.sefaria.org/Genesis%204%3A23-5%3A24?lang=bi,Genesis  1:1-6:8,Isa 42:5-43:11,John 1:1-14,Recovered from HomeGroupsApp PWA; daily aliyot from Hebcal
1,7,Saturday,Bereshit,In the Beginning,בראשית,Genesis 5:25-6:8,https://www.sefaria.org/Genesis%205%3A25-6%3A8?lang=bi,Genesis  1:1-6:8,Isa 42:5-43:11,John 1:1-14,Recovered from HomeGroupsApp PWA; daily aliyot from Hebcal
2,1,Sunday,Noach,Noah,נח,Genesis 6:9-6:22,https://www.sefaria.org/Genesis%206%3A9-6%3A22?lang=bi,Genesis  6:9-11:32,Isa 40:27-41:16,Mt 24:36-46; 1 Pet 3:18-22,Recovered from HomeGroupsApp PWA; daily aliyot from Hebcal
2,2,Monday,Noach,Noah,נח,Genesis 7:1-7:16,https://www.sefaria.org/Genesis%207%3A1-7%3A16?lang=bi,Genesis  6:9-11:32,Isa 40:27-41:16,Mt 24:36-46; 1 Pet 3:18-22,Recovered from HomeGroupsApp PWA; daily aliyot from Hebcal
2,3,Tuesday,Noach,Noah,נח,Genesis 7:17-8:14,https://www.sefaria.org/Genesis%207%3A17-8%3A14?lang=bi,Genesis  6:9-11:32,Isa 40:27-41:16,Mt 24:36-46; 1 Pet 3:18-22,Recovered from HomeGroupsApp PWA; daily aliyot from Hebcal
2,4,Wednesday,Noach,Noah,נח,Genesis 8:15-9:7,https://www.sefaria.org/Genesis%208%3A15-9%3A7?lang=bi,Genesis  6:9-11:32,Isa 40:27-41:16,Mt 24:36-46; 1 Pet 3:18-22,Recovered from HomeGroupsApp PWA; daily aliyot from Hebcal
2,5,Thursday,Noach,Noah,נח,Genesis 9:8-9:17,https://www.sefaria.org/Genesis%209%3A8-9%3A17?lang=bi,Genesis  6:9-11:32,Isa 40:27-41:16,Mt 24:36-46; 1 Pet 3:18-22,Recovered from HomeGroupsApp PWA; daily aliyot from Hebcal
2,6,Friday,Noach,Noah,נח,Genesis 9:18-10:32,https://www.sefaria.org/Genesis%209%3A18-10%3A32?lang=bi,Genesis  6:9-11:32,Isa 40:27-41:16,Mt 24:36-46; 1 Pet 3:18-22,Recovered from HomeGroupsApp PWA; daily aliyot from Hebcal
2,7,Saturday,Noach,Noah,נח,Genesis 11:1-11:32,https://www.sefaria.org/Genesis%2011%3A1-11%3A32?lang=bi,Genesis  6:9-11:32,Isa 40:27-41:16,Mt 24:36-46; 1 Pet 3:18-22,Recovered from HomeGroupsApp PWA; daily aliyot from Hebcal
3,1,Sunday,Lech-Lecha,Go Forth,לך לך,Genesis 12:1-12:13,https://www.sefaria.org/Genesis%2012%3A1-12%3A13?lang=bi,Genesis  12:1-17:27,II Ki 4:1-37,Rom 4:1-25,Recovered from HomeGroupsApp PWA; daily aliyot from Hebcal
3,2,Monday,Lech-Lecha,Go Forth,לך לך,Genesis 12:14-13:4,https://www.sefaria.org/Genesis%2012%3A14-13%3A4?lang=bi,Genesis  12:1-17:27,II Ki 4:1-37,Rom 4:1-25,Recovered from HomeGroupsApp PWA; daily aliyot from Hebcal
3,3,Tuesday,Lech-Lecha,Go Forth,לך לך,Genesis 13:5-13:18,https://www.sefaria.org/Genesis%2013%3A5-13%3A18?lang=bi,Genesis  12:1-17:27,II Ki 4:1-37,Rom 4:1-25,Recovered from HomeGroupsApp PWA; daily aliyot from Hebcal
3,4,Wednesday,Lech-Lecha,Go Forth,לך לך,Genesis 14:1-14:20,https://www.sefaria.org/Genesis%2014%3A1-14%3A20?lang=bi,Genesis  12:1-17:27,II Ki 4:1-37,Rom 4:1-25,Recovered from HomeGroupsApp PWA; daily aliyot from Hebcal
3,5,Thursday,Lech-Lecha,Go Forth,לך לך,Genesis 14:21-15:6,https://www.sefaria.org/Genesis%2014%3A21-15%3A6?lang=bi,Genesis  12:1-17:27,II Ki 4:1-37,Rom 4:1-25,Recovered from HomeGroupsApp PWA; daily aliyot from Hebcal
3,6,Friday,Lech-Lecha,Go Forth,לך לך,Genesis 15:7-17:6,https://www.sefaria.org/Genesis%2015%3A7-17%3A6?lang=bi,Genesis  12:1-17:27,II Ki 4:1-37,Rom 4:1-25,Recovered from HomeGroupsApp PWA; daily aliyot from Hebcal
3,7,Saturday,Lech-Lecha,Go Forth,לך לך,Genesis 17:7-17:27,https://www.sefaria.org/Genesis%2017%3A7-17%3A27?lang=bi,Genesis  12:1-17:27,II Ki 4:1-37,Rom 4:1-25,Recovered from HomeGroupsApp PWA; daily aliyot from Hebcal
4,1,Sunday,Vayera,He Appeared,וירא,Genesis 18:1-18:14,https://www.sefaria.org/Genesis%2018%3A1-18%3A14?lang=bi,Genesis  18:1-22:24,I Ki 1:1-31,Lk 1:26-38; 24:36-53; 2 Pet. 2:4-11,Recovered from HomeGroupsApp PWA; daily aliyot from Hebcal
4,2,Monday,Vayera,He Appeared,וירא,Genesis 18:15-18:33,https://www.sefaria.org/Genesis%2018%3A15-18%3A33?lang=bi,Genesis  18:1-22:24,I Ki 1:1-31,Lk 1:26-38; 24:36-53; 2 Pet. 2:4-11,Recovered from HomeGroupsApp PWA; daily aliyot from Hebcal
4,3,Tuesday,Vayera,He Appeared,וירא,Genesis 19:1-19:20,https://www.sefaria.org/Genesis%2019%3A1-19%3A20?lang=bi,Genesis  18:1-22:24,I Ki 1:1-31,Lk 1:26-38; 24:36-53; 2 Pet. 2:4-11,Recovered from HomeGroupsApp PWA; daily aliyot from Hebcal
4,4,Wednesday,Vayera,He Appeared,וירא,Genesis 19:21-21:4,https://www.sefaria.org/Genesis%2019%3A21-21%3A4?lang=bi,Genesis  18:1-22:24,I Ki 1:1-31,Lk 1:26-38; 24:36-53; 2 Pet. 2:4-11,Recovered from HomeGroupsApp PWA; daily aliyot from Hebcal
4,5,Thursday,Vayera,He Appeared,וירא,Genesis 21:5-21:21,https://www.sefaria.org/Genesis%2021%3A5-21%3A21?lang=bi,Genesis  18:1-22:24,I Ki 1:1-31,Lk 1:26-38; 24:36-53; 2 Pet. 2:4-11,Recovered from HomeGroupsApp PWA; daily aliyot from Hebcal
4,6,Friday,Vayera,He Appeared,וירא,Genesis 21:22-21:34,https://www.sefaria.org/Genesis%2021%3A22-21%3A34?lang=bi,Genesis  18:1-22:24,I Ki 1:1-31,Lk 1:26-38; 24:36-53; 2 Pet. 2:4-11,Recovered from HomeGroupsApp PWA; daily aliyot from Hebcal
4,7,Saturday,Vayera,He Appeared,וירא,Genesis 22:1-22:24,https://www.sefaria.org/Genesis%2022%3A1-22%3A24?lang=bi,Genesis  18:1-22:24,I Ki 1:1-31,Lk 1:26-38; 24:36-53; 2 Pet. 2:4-11,Recovered from HomeGroupsApp PWA; daily aliyot from Hebcal
5,1,Sunday,Chayei Sara,Life of Sarah,חיי שרה,Genesis 23:1-23:16,https://www.sefaria.org/Genesis%2023%3A1-23%3A16?lang=bi,Genesis  23:1-25:18,Hos 12:13-14:10,Mt 1:1-17;,Recovered from HomeGroupsApp PWA; daily aliyot from Hebcal; Transliteration standardized from PWA Chayei Sarah to Hebcal Chayei Sara
5,2,Monday,Chayei Sara,Life of Sarah,חיי שרה,Genesis 23:17-24:9,https://www.sefaria.org/Genesis%2023%3A17-24%3A9?lang=bi,Genesis  23:1-25:18,Hos 12:13-14:10,Mt 1:1-17;,Recovered from HomeGroupsApp PWA; daily aliyot from Hebcal; Transliteration standardized from PWA Chayei Sarah to Hebcal Chayei Sara
5,3,Tuesday,Chayei Sara,Life of Sarah,חיי שרה,Genesis 24:10-24:26,https://www.sefaria.org/Genesis%2024%3A10-24%3A26?lang=bi,Genesis  23:1-25:18,Hos 12:13-14:10,Mt 1:1-17;,Recovered from HomeGroupsApp PWA; daily aliyot from Hebcal; Transliteration standardized from PWA Chayei Sarah to Hebcal Chayei Sara
5,4,Wednesday,Chayei Sara,Life of Sarah,חיי שרה,Genesis 24:27-24:52,https://www.sefaria.org/Genesis%2024%3A27-24%3A52?lang=bi,Genesis  23:1-25:18,Hos 12:13-14:10,Mt 1:1-17;,Recovered from HomeGroupsApp PWA; daily aliyot from Hebcal; Transliteration standardized from PWA Chayei Sarah to Hebcal Chayei Sara
5,5,Thursday,Chayei Sara,Life of Sarah,חיי שרה,Genesis 24:53-24:67,https://www.sefaria.org/Genesis%2024%3A53-24%3A67?lang=bi,Genesis  23:1-25:18,Hos 12:13-14:10,Mt 1:1-17;,Recovered from HomeGroupsApp PWA; daily aliyot from Hebcal; Transliteration standardized from PWA Chayei Sarah to Hebcal Chayei Sara
5,6,Friday,Chayei Sara,Life of Sarah,חיי שרה,Genesis 25:1-25:11,https://www.sefaria.org/Genesis%2025%3A1-25%3A11?lang=bi,Genesis  23:1-25:18,Hos 12:13-14:10,Mt 1:1-17;,Recovered from HomeGroupsApp PWA; daily aliyot from Hebcal; Transliteration standardized from PWA Chayei Sarah to Hebcal Chayei Sara
5,7,Saturday,Chayei Sara,Life of Sarah,חיי שרה,Genesis 25:12-25:18,https://www.sefaria.org/Genesis%2025%3A12-25%3A18?lang=bi,Genesis  23:1-25:18,Hos 12:13-14:10,Mt 1:1-17;,Recovered from HomeGroupsApp PWA; daily aliyot from Hebcal; Transliteration standardized from PWA Chayei Sarah to Hebcal Chayei Sara
6,1,Sunday,Toldot,Generations,תולדות,Genesis 25:19-26:5,https://www.sefaria.org/Genesis%2025%3A19-26%3A5?lang=bi,Genesis  25:19-28:9,Obadiah 1:1-21,1 Cor 15:50-57,Recovered from HomeGroupsApp PWA; daily aliyot from Hebcal; Transliteration standardized from Toledot to Toldot; Hebrew niqqud removed
6,2,Monday,Toldot,Generations,תולדות,Genesis 26:6-26:12,https://www.sefaria.org/Genesis%2026%3A6-26%3A12?lang=bi,Genesis  25:19-28:9,Obadiah 1:1-21,1 Cor 15:50-57,Recovered from HomeGroupsApp PWA; daily aliyot from Hebcal; Transliteration standardized from Toledot to Toldot; Hebrew niqqud removed
6,3,Tuesday,Toldot,Generations,תולדות,Genesis 26:13-26:22,https://www.sefaria.org/Genesis%2026%3A13-26%3A22?lang=bi,Genesis  25:19-28:9,Obadiah 1:1-21,1 Cor 15:50-57,Recovered from HomeGroupsApp PWA; daily aliyot from Hebcal; Transliteration standardized from Toledot to Toldot; Hebrew niqqud removed
6,4,Wednesday,Toldot,Generations,תולדות,Genesis 26:23-26:29,https://www.sefaria.org/Genesis%2026%3A23-26%3A29?lang=bi,Genesis  25:19-28:9,Obadiah 1:1-21,1 Cor 15:50-57,Recovered from HomeGroupsApp PWA; daily aliyot from Hebcal; Transliteration standardized from Toledot to Toldot; Hebrew niqqud removed
6,5,Thursday,Toldot,Generations,תולדות,Genesis 26:30-27:27,https://www.sefaria.org/Genesis%2026%3A30-27%3A27?lang=bi,Genesis  25:19-28:9,Obadiah 1:1-21,1 Cor 15:50-57,Recovered from HomeGroupsApp PWA; daily aliyot from Hebcal; Transliteration standardized from Toledot to Toldot; Hebrew niqqud removed
6,6,Friday,Toldot,Generations,תולדות,Genesis 27:28-28:4,https://www.sefaria.org/Genesis%2027%3A28-28%3A4?lang=bi,Genesis  25:19-28:9,Obadiah 1:1-21,1 Cor 15:50-57,Recovered from HomeGroupsApp PWA; daily aliyot from Hebcal; Transliteration standardized from Toledot to Toldot; Hebrew niqqud removed
6,7,Saturday,Toldot,Generations,תולדות,Genesis 28:5-28:9,https://www.sefaria.org/Genesis%2028%3A5-28%3A9?lang=bi,Genesis  25:19-28:9,Obadiah 1:1-21,1 Cor 15:50-57,Recovered from HomeGroupsApp PWA; daily aliyot from Hebcal; Transliteration standardized from Toledot to Toldot; Hebrew niqqud removed
7,1,Sunday,Vayetzei,He Went Out,ויצא,Genesis 28:10-28:22,https://www.sefaria.org/Genesis%2028%3A10-28%3A22?lang=bi,Genesis  28:10-32:3,Amos 2:6-3:8,Rom 9:1-31,Recovered from HomeGroupsApp PWA; daily aliyot from Hebcal
7,2,Monday,Vayetzei,He Went Out,ויצא,Genesis 29:1-29:17,https://www.sefaria.org/Genesis%2029%3A1-29%3A17?lang=bi,Genesis  28:10-32:3,Amos 2:6-3:8,Rom 9:1-31,Recovered from HomeGroupsApp PWA; daily aliyot from Hebcal
7,3,Tuesday,Vayetzei,He Went Out,ויצא,Genesis 29:18-30:13,https://www.sefaria.org/Genesis%2029%3A18-30%3A13?lang=bi,Genesis  28:10-32:3,Amos 2:6-3:8,Rom 9:1-31,Recovered from HomeGroupsApp PWA; daily aliyot from Hebcal
7,4,Wednesday,Vayetzei,He Went Out,ויצא,Genesis 30:14-30:27,https://www.sefaria.org/Genesis%2030%3A14-30%3A27?lang=bi,Genesis  28:10-32:3,Amos 2:6-3:8,Rom 9:1-31,Recovered from HomeGroupsApp PWA; daily aliyot from Hebcal
7,5,Thursday,Vayetzei,He Went Out,ויצא,Genesis 30:28-31:16,https://www.sefaria.org/Genesis%2030%3A28-31%3A16?lang=bi,Genesis  28:10-32:3,Amos 2:6-3:8,Rom 9:1-31,Recovered from HomeGroupsApp PWA; daily aliyot from Hebcal
7,6,Friday,Vayetzei,He Went Out,ויצא,Genesis 31:17-31:42,https://www.sefaria.org/Genesis%2031%3A17-31%3A42?lang=bi,Genesis  28:10-32:3,Amos 2:6-3:8,Rom 9:1-31,Recovered from HomeGroupsApp PWA; daily aliyot from Hebcal
7,7,Saturday,Vayetzei,He Went Out,ויצא,Genesis 31:43-32:3,https://www.sefaria.org/Genesis%2031%3A43-32%3A3?lang=bi,Genesis  28:10-32:3,Amos 2:6-3:8,Rom 9:1-31,Recovered from HomeGroupsApp PWA; daily aliyot from Hebcal
8,1,Sunday,Vayishlach,He Sent,וישלח,Genesis 32:4-32:13,https://www.sefaria.org/Genesis%2032%3A4-32%3A13?lang=bi,Genesis  32:4-36:43,I Ki 3:15-4:1,Jn 1:19-51,Recovered from HomeGroupsApp PWA; daily aliyot from Hebcal
8,2,Monday,Vayishlach,He Sent,וישלח,Genesis 32:14-32:30,https://www.sefaria.org/Genesis%2032%3A14-32%3A30?lang=bi,Genesis  32:4-36:43,I Ki 3:15-4:1,Jn 1:19-51,Recovered from HomeGroupsApp PWA; daily aliyot from Hebcal
8,3,Tuesday,Vayishlach,He Sent,וישלח,Genesis 32:31-33:5,https://www.sefaria.org/Genesis%2032%3A31-33%3A5?lang=bi,Genesis  32:4-36:43,I Ki 3:15-4:1,Jn 1:19-51,Recovered from HomeGroupsApp PWA; daily aliyot from Hebcal
8,4,Wednesday,Vayishlach,He Sent,וישלח,Genesis 33:6-33:20,https://www.sefaria.org/Genesis%2033%3A6-33%3A20?lang=bi,Genesis  32:4-36:43,I Ki 3:15-4:1,Jn 1:19-51,Recovered from HomeGroupsApp PWA; daily aliyot from Hebcal
8,5,Thursday,Vayishlach,He Sent,וישלח,Genesis 34:1-35:11,https://www.sefaria.org/Genesis%2034%3A1-35%3A11?lang=bi,Genesis  32:4-36:43,I Ki 3:15-4:1,Jn 1:19-51,Recovered from HomeGroupsApp PWA; daily aliyot from Hebcal
8,6,Friday,Vayishlach,He Sent,וישלח,Genesis 35:12-36:19,https://www.sefaria.org/Genesis%2035%3A12-36%3A19?lang=bi,Genesis  32:4-36:43,I Ki 3:15-4:1,Jn 1:19-51,Recovered from HomeGroupsApp PWA; daily aliyot from Hebcal
8,7,Saturday,Vayishlach,He Sent,וישלח,Genesis 36:20-36:43,https://www.sefaria.org/Genesis%2036%3A20-36%3A43?lang=bi,Genesis  32:4-36:43,I Ki 3:15-4:1,Jn 1:19-51,Recovered from HomeGroupsApp PWA; daily aliyot from Hebcal
9,1,Sunday,Vayeshev,He Settled,וישב,Genesis 37:1-37:11,https://www.sefaria.org/Genesis%2037%3A1-37%3A11?lang=bi,Genesis  37:1-40:23,Ezek 37:15-37:28,Heb 11:11-20; Mt 26:36-46+,Recovered from HomeGroupsApp PWA; daily aliyot from Hebcal
9,2,Monday,Vayeshev,He Settled,וישב,Genesis 37:12-37:22,https://www.sefaria.org/Genesis%2037%3A12-37%3A22?lang=bi,Genesis  37:1-40:23,Ezek 37:15-37:28,Heb 11:11-20; Mt 26:36-46+,Recovered from HomeGroupsApp PWA; daily aliyot from Hebcal
9,3,Tuesday,Vayeshev,He Settled,וישב,Genesis 37:23-37:36,https://www.sefaria.org/Genesis%2037%3A23-37%3A36?lang=bi,Genesis  37:1-40:23,Ezek 37:15-37:28,Heb 11:11-20; Mt 26:36-46+,Recovered from HomeGroupsApp PWA; daily aliyot from Hebcal
9,4,Wednesday,Vayeshev,He Settled,וישב,Genesis 38:1-38:30,https://www.sefaria.org/Genesis%2038%3A1-38%3A30?lang=bi,Genesis  37:1-40:23,Ezek 37:15-37:28,Heb 11:11-20; Mt 26:36-46+,Recovered from HomeGroupsApp PWA; daily aliyot from Hebcal
9,5,Thursday,Vayeshev,He Settled,וישב,Genesis 39:1-39:6,https://www.sefaria.org/Genesis%2039%3A1-39%3A6?lang=bi,Genesis  37:1-40:23,Ezek 37:15-37:28,Heb 11:11-20; Mt 26:36-46+,Recovered from HomeGroupsApp PWA; daily aliyot from Hebcal
9,6,Friday,Vayeshev,He Settled,וישב,Genesis 39:7-39:23,https://www.sefaria.org/Genesis%2039%3A7-39%3A23?lang=bi,Genesis  37:1-40:23,Ezek 37:15-37:28,Heb 11:11-20; Mt 26:36-46+,Recovered from HomeGroupsApp PWA; daily aliyot from Hebcal
9,7,Saturday,Vayeshev,He Settled,וישב,Genesis 40:1-40:23,https://www.sefaria.org/Genesis%2040%3A1-40%3A23?lang=bi,Genesis  37:1-40:23,Ezek 37:15-37:28,Heb 11:11-20; Mt 26:36-46+,Recovered from HomeGroupsApp PWA; daily aliyot from Hebcal
10,1,Sunday,Miketz,At the End,מקץ,Genesis 41:1-41:14,https://www.sefaria.org/Genesis%2041%3A1-41%3A14?lang=bi,Genesis  41:1-44:17,I Ki 2:1-12,"Mt 1:1-6, 16-25",Recovered from HomeGroupsApp PWA; daily aliyot from Hebcal
10,2,Monday,Miketz,At the End,מקץ,Genesis 41:15-41:38,https://www.sefaria.org/Genesis%2041%3A15-41%3A38?lang=bi,Genesis  41:1-44:17,I Ki 2:1-12,"Mt 1:1-6, 16-25",Recovered from HomeGroupsApp PWA; daily aliyot from Hebcal
10,3,Tuesday,Miketz,At the End,מקץ,Genesis 41:39-41:52,https://www.sefaria.org/Genesis%2041%3A39-41%3A52?lang=bi,Genesis  41:1-44:17,I Ki 2:1-12,"Mt 1:1-6, 16-25",Recovered from HomeGroupsApp PWA; daily aliyot from Hebcal
10,4,Wednesday,Miketz,At the End,מקץ,Genesis 41:53-42:18,https://www.sefaria.org/Genesis%2041%3A53-42%3A18?lang=bi,Genesis  41:1-44:17,I Ki 2:1-12,"Mt 1:1-6, 16-25",Recovered from HomeGroupsApp PWA; daily aliyot from Hebcal
10,5,Thursday,Miketz,At the End,מקץ,Genesis 42:19-43:15,https://www.sefaria.org/Genesis%2042%3A19-43%3A15?lang=bi,Genesis  41:1-44:17,I Ki 2:1-12,"Mt 1:1-6, 16-25",Recovered from HomeGroupsApp PWA; daily aliyot from Hebcal
10,6,Friday,Miketz,At the End,מקץ,Genesis 43:16-43:29,https://www.sefaria.org/Genesis%2043%3A16-43%3A29?lang=bi,Genesis  41:1-44:17,I Ki 2:1-12,"Mt 1:1-6, 16-25",Recovered from HomeGroupsApp PWA; daily aliyot from Hebcal
10,7,Saturday,Miketz,At the End,מקץ,Genesis 43:30-44:17,https://www.sefaria.org/Genesis%2043%3A30-44%3A17?lang=bi,Genesis  41:1-44:17,I Ki 2:1-12,"Mt 1:1-6, 16-25",Recovered from HomeGroupsApp PWA; daily aliyot from Hebcal
11,1,Sunday,Vayigash,He Drew Near,ויגש,Genesis 44:18-44:30,https://www.sefaria.org/Genesis%2044%3A18-44%3A30?lang=bi,Genesis  44:18-47:27,Ezek 28:25-29:21,Rom 10:1-13,Recovered from HomeGroupsApp PWA; daily aliyot from Hebcal
11,2,Monday,Vayigash,He Drew Near,ויגש,Genesis 44:31-45:7,https://www.sefaria.org/Genesis%2044%3A31-45%3A7?lang=bi,Genesis  44:18-47:27,Ezek 28:25-29:21,Rom 10:1-13,Recovered from HomeGroupsApp PWA; daily aliyot from Hebcal
11,3,Tuesday,Vayigash,He Drew Near,ויגש,Genesis 45:8-45:18,https://www.sefaria.org/Genesis%2045%3A8-45%3A18?lang=bi,Genesis  44:18-47:27,Ezek 28:25-29:21,Rom 10:1-13,Recovered from HomeGroupsApp PWA; daily aliyot from Hebcal
11,4,Wednesday,Vayigash,He Drew Near,ויגש,Genesis 45:19-45:27,https://www.sefaria.org/Genesis%2045%3A19-45%3A27?lang=bi,Genesis  44:18-47:27,Ezek 28:25-29:21,Rom 10:1-13,Recovered from HomeGroupsApp PWA; daily aliyot from Hebcal
11,5,Thursday,Vayigash,He Drew Near,ויגש,Genesis 45:28-46:27,https://www.sefaria.org/Genesis%2045%3A28-46%3A27?lang=bi,Genesis  44:18-47:27,Ezek 28:25-29:21,Rom 10:1-13,Recovered from HomeGroupsApp PWA; daily aliyot from Hebcal
11,6,Friday,Vayigash,He Drew Near,ויגש,Genesis 46:28-47:10,https://www.sefaria.org/Genesis%2046%3A28-47%3A10?lang=bi,Genesis  44:18-47:27,Ezek 28:25-29:21,Rom 10:1-13,Recovered from HomeGroupsApp PWA; daily aliyot from Hebcal
11,7,Saturday,Vayigash,He Drew Near,ויגש,Genesis 47:11-47:27,https://www.sefaria.org/Genesis%2047%3A11-47%3A27?lang=bi,Genesis  44:18-47:27,Ezek 28:25-29:21,Rom 10:1-13,Recovered from HomeGroupsApp PWA; daily aliyot from Hebcal
12,1,Sunday,Vayechi,He Lived,ויחי,Genesis 47:28-48:9,https://www.sefaria.org/Genesis%2047%3A28-48%3A9?lang=bi,Genesis  47:28-50:26,Jer 46:13-46:28,Eph 2:1-10,Recovered from HomeGroupsApp PWA; daily aliyot from Hebcal
12,2,Monday,Vayechi,He Lived,ויחי,Genesis 48:10-48:16,https://www.sefaria.org/Genesis%2048%3A10-48%3A16?lang=bi,Genesis  47:28-50:26,Jer 46:13-46:28,Eph 2:1-10,Recovered from HomeGroupsApp PWA; daily aliyot from Hebcal
12,3,Tuesday,Vayechi,He Lived,ויחי,Genesis 48:17-48:22,https://www.sefaria.org/Genesis%2048%3A17-48%3A22?lang=bi,Genesis  47:28-50:26,Jer 46:13-46:28,Eph 2:1-10,Recovered from HomeGroupsApp PWA; daily aliyot from Hebcal
12,4,Wednesday,Vayechi,He Lived,ויחי,Genesis 49:1-49:18,https://www.sefaria.org/Genesis%2049%3A1-49%3A18?lang=bi,Genesis  47:28-50:26,Jer 46:13-46:28,Eph 2:1-10,Recovered from HomeGroupsApp PWA; daily aliyot from Hebcal
12,5,Thursday,Vayechi,He Lived,ויחי,Genesis 49:19-49:26,https://www.sefaria.org/Genesis%2049%3A19-49%3A26?lang=bi,Genesis  47:28-50:26,Jer 46:13-46:28,Eph 2:1-10,Recovered from HomeGroupsApp PWA; daily aliyot from Hebcal
12,6,Friday,Vayechi,He Lived,ויחי,Genesis 49:27-50:20,https://www.sefaria.org/Genesis%2049%3A27-50%3A20?lang=bi,Genesis  47:28-50:26,Jer 46:13-46:28,Eph 2:1-10,Recovered from HomeGroupsApp PWA; daily aliyot from Hebcal
12,7,Saturday,Vayechi,He Lived,ויחי,Genesis 50:21-50:26,https://www.sefaria.org/Genesis%2050%3A21-50%3A26?lang=bi,Genesis  47:28-50:26,Jer 46:13-46:28,Eph 2:1-10,Recovered from HomeGroupsApp PWA; daily aliyot from Hebcal
13,1,Sunday,Shemot,Names,שמות,Exodus 1:1-1:17,https://www.sefaria.org/Exodus%201%3A1-1%3A17?lang=bi,Exodus  1:1-6:1,Judges 4:4-5:31,1 Pet 1:1-9,Recovered from HomeGroupsApp PWA; daily aliyot from Hebcal
13,2,Monday,Shemot,Names,שמות,Exodus 1:18-2:10,https://www.sefaria.org/Exodus%201%3A18-2%3A10?lang=bi,Exodus  1:1-6:1,Judges 4:4-5:31,1 Pet 1:1-9,Recovered from HomeGroupsApp PWA; daily aliyot from Hebcal
13,3,Tuesday,Shemot,Names,שמות,Exodus 2:11-2:25,https://www.sefaria.org/Exodus%202%3A11-2%3A25?lang=bi,Exodus  1:1-6:1,Judges 4:4-5:31,1 Pet 1:1-9,Recovered from HomeGroupsApp PWA; daily aliyot from Hebcal
13,4,Wednesday,Shemot,Names,שמות,Exodus 3:1-3:15,https://www.sefaria.org/Exodus%203%3A1-3%3A15?lang=bi,Exodus  1:1-6:1,Judges 4:4-5:31,1 Pet 1:1-9,Recovered from HomeGroupsApp PWA; daily aliyot from Hebcal
13,5,Thursday,Shemot,Names,שמות,Exodus 3:16-4:17,https://www.sefaria.org/Exodus%203%3A16-4%3A17?lang=bi,Exodus  1:1-6:1,Judges 4:4-5:31,1 Pet 1:1-9,Recovered from HomeGroupsApp PWA; daily aliyot from Hebcal
13,6,Friday,Shemot,Names,שמות,Exodus 4:18-4:31,https://www.sefaria.org/Exodus%204%3A18-4%3A31?lang=bi,Exodus  1:1-6:1,Judges 4:4-5:31,1 Pet 1:1-9,Recovered from HomeGroupsApp PWA; daily aliyot from Hebcal
13,7,Saturday,Shemot,Names,שמות,Exodus 5:1-6:1,https://www.sefaria.org/Exodus%205%3A1-6%3A1?lang=bi,Exodus  1:1-6:1,Judges 4:4-5:31,1 Pet 1:1-9,Recovered from HomeGroupsApp PWA; daily aliyot from Hebcal
14,1,Sunday,Vaera,I Appeared,וארא,Exodus 6:2-6:13,https://www.sefaria.org/Exodus%206%3A2-6%3A13?lang=bi,Exodus  6:2-9:35,Isa 6:1-7:6; 9:5-9:6,Acts 7:17-35; 1 Cor 14:18-25,Recovered from HomeGroupsApp PWA; daily aliyot from Hebcal
14,2,Monday,Vaera,I Appeared,וארא,Exodus 6:14-6:28,https://www.sefaria.org/Exodus%206%3A14-6%3A28?lang=bi,Exodus  6:2-9:35,Isa 6:1-7:6; 9:5-9:6,Acts 7:17-35; 1 Cor 14:18-25,Recovered from HomeGroupsApp PWA; daily aliyot from Hebcal
14,3,Tuesday,Vaera,I Appeared,וארא,Exodus 6:29-7:7,https://www.sefaria.org/Exodus%206%3A29-7%3A7?lang=bi,Exodus  6:2-9:35,Isa 6:1-7:6; 9:5-9:6,Acts 7:17-35; 1 Cor 14:18-25,Recovered from HomeGroupsApp PWA; daily aliyot from Hebcal
14,4,Wednesday,Vaera,I Appeared,וארא,Exodus 7:8-8:6,https://www.sefaria.org/Exodus%207%3A8-8%3A6?lang=bi,Exodus  6:2-9:35,Isa 6:1-7:6; 9:5-9:6,Acts 7:17-35; 1 Cor 14:18-25,Recovered from HomeGroupsApp PWA; daily aliyot from Hebcal
14,5,Thursday,Vaera,I Appeared,וארא,Exodus 8:7-8:18,https://www.sefaria.org/Exodus%208%3A7-8%3A18?lang=bi,Exodus  6:2-9:35,Isa 6:1-7:6; 9:5-9:6,Acts 7:17-35; 1 Cor 14:18-25,Recovered from HomeGroupsApp PWA; daily aliyot from Hebcal
14,6,Friday,Vaera,I Appeared,וארא,Exodus 8:19-9:16,https://www.sefaria.org/Exodus%208%3A19-9%3A16?lang=bi,Exodus  6:2-9:35,Isa 6:1-7:6; 9:5-9:6,Acts 7:17-35; 1 Cor 14:18-25,Recovered from HomeGroupsApp PWA; daily aliyot from Hebcal
14,7,Saturday,Vaera,I Appeared,וארא,Exodus 9:17-9:35,https://www.sefaria.org/Exodus%209%3A17-9%3A35?lang=bi,Exodus  6:2-9:35,Isa 6:1-7:6; 9:5-9:6,Acts 7:17-35; 1 Cor 14:18-25,Recovered from HomeGroupsApp PWA; daily aliyot from Hebcal
15,1,Sunday,Bo,Come,בא,Exodus 10:1-10:11,https://www.sefaria.org/Exodus%2010%3A1-10%3A11?lang=bi,Exodus  10:1-13:16,Jer 34:8-34:22; 33:25-26,Rom 9:14-33,Recovered from HomeGroupsApp PWA; daily aliyot from Hebcal
15,2,Monday,Bo,Come,בא,Exodus 10:12-10:23,https://www.sefaria.org/Exodus%2010%3A12-10%3A23?lang=bi,Exodus  10:1-13:16,Jer 34:8-34:22; 33:25-26,Rom 9:14-33,Recovered from HomeGroupsApp PWA; daily aliyot from Hebcal
15,3,Tuesday,Bo,Come,בא,Exodus 10:24-11:3,https://www.sefaria.org/Exodus%2010%3A24-11%3A3?lang=bi,Exodus  10:1-13:16,Jer 34:8-34:22; 33:25-26,Rom 9:14-33,Recovered from HomeGroupsApp PWA; daily aliyot from Hebcal
15,4,Wednesday,Bo,Come,בא,Exodus 11:4-12:20,https://www.sefaria.org/Exodus%2011%3A4-12%3A20?lang=bi,Exodus  10:1-13:16,Jer 34:8-34:22; 33:25-26,Rom 9:14-33,Recovered from HomeGroupsApp PWA; daily aliyot from Hebcal
15,5,Thursday,Bo,Come,בא,Exodus 12:21-12:28,https://www.sefaria.org/Exodus%2012%3A21-12%3A28?lang=bi,Exodus  10:1-13:16,Jer 34:8-34:22; 33:25-26,Rom 9:14-33,Recovered from HomeGroupsApp PWA; daily aliyot from Hebcal
15,6,Friday,Bo,Come,בא,Exodus 12:29-12:51,https://www.sefaria.org/Exodus%2012%3A29-12%3A51?lang=bi,Exodus  10:1-13:16,Jer 34:8-34:22; 33:25-26,Rom 9:14-33,Recovered from HomeGroupsApp PWA; daily aliyot from Hebcal
15,7,Saturday,Bo,Come,בא,Exodus 13:1-13:16,https://www.sefaria.org/Exodus%2013%3A1-13%3A16?lang=bi,Exodus  10:1-13:16,Jer 34:8-34:22; 33:25-26,Rom 9:14-33,Recovered from HomeGroupsApp PWA; daily aliyot from Hebcal
16,1,Sunday,Beshalach,When He Sent,בשלח,Exodus 13:17-14:8,https://www.sefaria.org/Exodus%2013%3A17-14%3A8?lang=bi,Exodus  13:17-17:16,I Ki 5:26-6:13,Lk 22:7-30; 1 Cor 11:20-34,Recovered from HomeGroupsApp PWA; daily aliyot from Hebcal
16,2,Monday,Beshalach,When He Sent,בשלח,Exodus 14:9-14:14,https://www.sefaria.org/Exodus%2014%3A9-14%3A14?lang=bi,Exodus  13:17-17:16,I Ki 5:26-6:13,Lk 22:7-30; 1 Cor 11:20-34,Recovered from HomeGroupsApp PWA; daily aliyot from Hebcal
16,3,Tuesday,Beshalach,When He Sent,בשלח,Exodus 14:15-14:25,https://www.sefaria.org/Exodus%2014%3A15-14%3A25?lang=bi,Exodus  13:17-17:16,I Ki 5:26-6:13,Lk 22:7-30; 1 Cor 11:20-34,Recovered from HomeGroupsApp PWA; daily aliyot from Hebcal
16,4,Wednesday,Beshalach,When He Sent,בשלח,Exodus 14:26-15:26,https://www.sefaria.org/Exodus%2014%3A26-15%3A26?lang=bi,Exodus  13:17-17:16,I Ki 5:26-6:13,Lk 22:7-30; 1 Cor 11:20-34,Recovered from HomeGroupsApp PWA; daily aliyot from Hebcal
16,5,Thursday,Beshalach,When He Sent,בשלח,Exodus 15:27-16:10,https://www.sefaria.org/Exodus%2015%3A27-16%3A10?lang=bi,Exodus  13:17-17:16,I Ki 5:26-6:13,Lk 22:7-30; 1 Cor 11:20-34,Recovered from HomeGroupsApp PWA; daily aliyot from Hebcal
16,6,Friday,Beshalach,When He Sent,בשלח,Exodus 16:11-16:36,https://www.sefaria.org/Exodus%2016%3A11-16%3A36?lang=bi,Exodus  13:17-17:16,I Ki 5:26-6:13,Lk 22:7-30; 1 Cor 11:20-34,Recovered from HomeGroupsApp PWA; daily aliyot from Hebcal
16,7,Saturday,Beshalach,When He Sent,בשלח,Exodus 17:1-17:16,https://www.sefaria.org/Exodus%2017%3A1-17%3A16?lang=bi,Exodus  13:17-17:16,I Ki 5:26-6:13,Lk 22:7-30; 1 Cor 11:20-34,Recovered from HomeGroupsApp PWA; daily aliyot from Hebcal
17,1,Sunday,Yitro,Jethro,יתרו,Exodus 18:1-18:12,https://www.sefaria.org/Exodus%2018%3A1-18%3A12?lang=bi,Exodus  18:1-20:23,Ezek 43:10-43:27,Jn 6:15-71,Recovered from HomeGroupsApp PWA; daily aliyot from Hebcal
17,2,Monday,Yitro,Jethro,יתרו,Exodus 18:13-18:23,https://www.sefaria.org/Exodus%2018%3A13-18%3A23?lang=bi,Exodus  18:1-20:23,Ezek 43:10-43:27,Jn 6:15-71,Recovered from HomeGroupsApp PWA; daily aliyot from Hebcal
17,3,Tuesday,Yitro,Jethro,יתרו,Exodus 18:24-18:27,https://www.sefaria.org/Exodus%2018%3A24-18%3A27?lang=bi,Exodus  18:1-20:23,Ezek 43:10-43:27,Jn 6:15-71,Recovered from HomeGroupsApp PWA; daily aliyot from Hebcal
17,4,Wednesday,Yitro,Jethro,יתרו,Exodus 19:1-19:6,https://www.sefaria.org/Exodus%2019%3A1-19%3A6?lang=bi,Exodus  18:1-20:23,Ezek 43:10-43:27,Jn 6:15-71,Recovered from HomeGroupsApp PWA; daily aliyot from Hebcal
17,5,Thursday,Yitro,Jethro,יתרו,Exodus 19:7-19:19,https://www.sefaria.org/Exodus%2019%3A7-19%3A19?lang=bi,Exodus  18:1-20:23,Ezek 43:10-43:27,Jn 6:15-71,Recovered from HomeGroupsApp PWA; daily aliyot from Hebcal
17,6,Friday,Yitro,Jethro,יתרו,Exodus 19:20-20:14,https://www.sefaria.org/Exodus%2019%3A20-20%3A14?lang=bi,Exodus  18:1-20:23,Ezek 43:10-43:27,Jn 6:15-71,Recovered from HomeGroupsApp PWA; daily aliyot from Hebcal
17,7,Saturday,Yitro,Jethro,יתרו,Exodus 20:15-20:23,https://www.sefaria.org/Exodus%2020%3A15-20%3A23?lang=bi,Exodus  18:1-20:23,Ezek 43:10-43:27,Jn 6:15-71,Recovered from HomeGroupsApp PWA; daily aliyot from Hebcal
18,1,Sunday,Mishpatim,Judgments,משפטים,Exodus 21:1-21:19,https://www.sefaria.org/Exodus%2021%3A1-21%3A19?lang=bi,Exodus  21:1-24:18,I Ki 18:1-18:39,Mt 5:8-20,Recovered from HomeGroupsApp PWA; daily aliyot from Hebcal
18,2,Monday,Mishpatim,Judgments,משפטים,Exodus 21:20-22:3,https://www.sefaria.org/Exodus%2021%3A20-22%3A3?lang=bi,Exodus  21:1-24:18,I Ki 18:1-18:39,Mt 5:8-20,Recovered from HomeGroupsApp PWA; daily aliyot from Hebcal
18,3,Tuesday,Mishpatim,Judgments,משפטים,Exodus 22:4-22:26,https://www.sefaria.org/Exodus%2022%3A4-22%3A26?lang=bi,Exodus  21:1-24:18,I Ki 18:1-18:39,Mt 5:8-20,Recovered from HomeGroupsApp PWA; daily aliyot from Hebcal
18,4,Wednesday,Mishpatim,Judgments,משפטים,Exodus 22:27-23:5,https://www.sefaria.org/Exodus%2022%3A27-23%3A5?lang=bi,Exodus  21:1-24:18,I Ki 18:1-18:39,Mt 5:8-20,Recovered from HomeGroupsApp PWA; daily aliyot from Hebcal
18,5,Thursday,Mishpatim,Judgments,משפטים,Exodus 23:6-23:19,https://www.sefaria.org/Exodus%2023%3A6-23%3A19?lang=bi,Exodus  21:1-24:18,I Ki 18:1-18:39,Mt 5:8-20,Recovered from HomeGroupsApp PWA; daily aliyot from Hebcal
18,6,Friday,Mishpatim,Judgments,משפטים,Exodus 23:20-23:25,https://www.sefaria.org/Exodus%2023%3A20-23%3A25?lang=bi,Exodus  21:1-24:18,I Ki 18:1-18:39,Mt 5:8-20,Recovered from HomeGroupsApp PWA; daily aliyot from Hebcal
18,7,Saturday,Mishpatim,Judgments,משפטים,Exodus 23:26-24:18,https://www.sefaria.org/Exodus%2023%3A26-24%3A18?lang=bi,Exodus  21:1-24:18,I Ki 18:1-18:39,Mt 5:8-20,Recovered from HomeGroupsApp PWA; daily aliyot from Hebcal
19,1,Sunday,Terumah,Contribution,תרומה,Exodus 25:1-25:16,https://www.sefaria.org/Exodus%2025%3A1-25%3A16?lang=bi,Exodus  25:1-27:19,I Ki 7:40-7:50,Mt 5:38-42;17:1-11,Recovered from HomeGroupsApp PWA; daily aliyot from Hebcal
19,2,Monday,Terumah,Contribution,תרומה,Exodus 25:17-25:40,https://www.sefaria.org/Exodus%2025%3A17-25%3A40?lang=bi,Exodus  25:1-27:19,I Ki 7:40-7:50,Mt 5:38-42;17:1-11,Recovered from HomeGroupsApp PWA; daily aliyot from Hebcal
19,3,Tuesday,Terumah,Contribution,תרומה,Exodus 26:1-26:14,https://www.sefaria.org/Exodus%2026%3A1-26%3A14?lang=bi,Exodus  25:1-27:19,I Ki 7:40-7:50,Mt 5:38-42;17:1-11,Recovered from HomeGroupsApp PWA; daily aliyot from Hebcal
19,4,Wednesday,Terumah,Contribution,תרומה,Exodus 26:15-26:30,https://www.sefaria.org/Exodus%2026%3A15-26%3A30?lang=bi,Exodus  25:1-27:19,I Ki 7:40-7:50,Mt 5:38-42;17:1-11,Recovered from HomeGroupsApp PWA; daily aliyot from Hebcal
19,5,Thursday,Terumah,Contribution,תרומה,Exodus 26:31-26:37,https://www.sefaria.org/Exodus%2026%3A31-26%3A37?lang=bi,Exodus  25:1-27:19,I Ki 7:40-7:50,Mt 5:38-42;17:1-11,Recovered from HomeGroupsApp PWA; daily aliyot from Hebcal
19,6,Friday,Terumah,Contribution,תרומה,Exodus 27:1-27:8,https://www.sefaria.org/Exodus%2027%3A1-27%3A8?lang=bi,Exodus  25:1-27:19,I Ki 7:40-7:50,Mt 5:38-42;17:1-11,Recovered from HomeGroupsApp PWA; daily aliyot from Hebcal
19,7,Saturday,Terumah,Contribution,תרומה,Exodus 27:9-27:19,https://www.sefaria.org/Exodus%2027%3A9-27%3A19?lang=bi,Exodus  25:1-27:19,I Ki 7:40-7:50,Mt 5:38-42;17:1-11,Recovered from HomeGroupsApp PWA; daily aliyot from Hebcal
20,1,Sunday,Tetzaveh,You Shall Command,תצוה,Exodus 27:20-28:12,https://www.sefaria.org/Exodus%2027%3A20-28%3A12?lang=bi,Exodus  27:20-30:10,I Ki 7:51-8:21,2 Cor 9:1-15; Mt 5:33-37,Recovered from HomeGroupsApp PWA; daily aliyot from Hebcal
20,2,Monday,Tetzaveh,You Shall Command,תצוה,Exodus 28:13-28:30,https://www.sefaria.org/Exodus%2028%3A13-28%3A30?lang=bi,Exodus  27:20-30:10,I Ki 7:51-8:21,2 Cor 9:1-15; Mt 5:33-37,Recovered from HomeGroupsApp PWA; daily aliyot from Hebcal
20,3,Tuesday,Tetzaveh,You Shall Command,תצוה,Exodus 28:31-28:43,https://www.sefaria.org/Exodus%2028%3A31-28%3A43?lang=bi,Exodus  27:20-30:10,I Ki 7:51-8:21,2 Cor 9:1-15; Mt 5:33-37,Recovered from HomeGroupsApp PWA; daily aliyot from Hebcal
20,4,Wednesday,Tetzaveh,You Shall Command,תצוה,Exodus 29:1-29:18,https://www.sefaria.org/Exodus%2029%3A1-29%3A18?lang=bi,Exodus  27:20-30:10,I Ki 7:51-8:21,2 Cor 9:1-15; Mt 5:33-37,Recovered from HomeGroupsApp PWA; daily aliyot from Hebcal
20,5,Thursday,Tetzaveh,You Shall Command,תצוה,Exodus 29:19-29:37,https://www.sefaria.org/Exodus%2029%3A19-29%3A37?lang=bi,Exodus  27:20-30:10,I Ki 7:51-8:21,2 Cor 9:1-15; Mt 5:33-37,Recovered from HomeGroupsApp PWA; daily aliyot from Hebcal
20,6,Friday,Tetzaveh,You Shall Command,תצוה,Exodus 29:38-29:46,https://www.sefaria.org/Exodus%2029%3A38-29%3A46?lang=bi,Exodus  27:20-30:10,I Ki 7:51-8:21,2 Cor 9:1-15; Mt 5:33-37,Recovered from HomeGroupsApp PWA; daily aliyot from Hebcal
20,7,Saturday,Tetzaveh,You Shall Command,תצוה,Exodus 30:1-30:10,https://www.sefaria.org/Exodus%2030%3A1-30%3A10?lang=bi,Exodus  27:20-30:10,I Ki 7:51-8:21,2 Cor 9:1-15; Mt 5:33-37,Recovered from HomeGroupsApp PWA; daily aliyot from Hebcal
21,1,Sunday,Ki Tisa,When You Lift,כי תשא,Exodus 30:11-31:17,https://www.sefaria.org/Exodus%2030%3A11-31%3A17?lang=bi,Exodus  30:11-34:35,Isa 43:21-44:23,Heb 13:10-17,Recovered from HomeGroupsApp PWA; daily aliyot from Hebcal
21,2,Monday,Ki Tisa,When You Lift,כי תשא,Exodus 31:18-33:11,https://www.sefaria.org/Exodus%2031%3A18-33%3A11?lang=bi,Exodus  30:11-34:35,Isa 43:21-44:23,Heb 13:10-17,Recovered from HomeGroupsApp PWA; daily aliyot from Hebcal
21,3,Tuesday,Ki Tisa,When You Lift,כי תשא,Exodus 33:12-33:16,https://www.sefaria.org/Exodus%2033%3A12-33%3A16?lang=bi,Exodus  30:11-34:35,Isa 43:21-44:23,Heb 13:10-17,Recovered from HomeGroupsApp PWA; daily aliyot from Hebcal
21,4,Wednesday,Ki Tisa,When You Lift,כי תשא,Exodus 33:17-33:23,https://www.sefaria.org/Exodus%2033%3A17-33%3A23?lang=bi,Exodus  30:11-34:35,Isa 43:21-44:23,Heb 13:10-17,Recovered from HomeGroupsApp PWA; daily aliyot from Hebcal
21,5,Thursday,Ki Tisa,When You Lift,כי תשא,Exodus 34:1-34:9,https://www.sefaria.org/Exodus%2034%3A1-34%3A9?lang=bi,Exodus  30:11-34:35,Isa 43:21-44:23,Heb 13:10-17,Recovered from HomeGroupsApp PWA; daily aliyot from Hebcal
21,6,Friday,Ki Tisa,When You Lift,כי תשא,Exodus 34:10-34:26,https://www.sefaria.org/Exodus%2034%3A10-34%3A26?lang=bi,Exodus  30:11-34:35,Isa 43:21-44:23,Heb 13:10-17,Recovered from HomeGroupsApp PWA; daily aliyot from Hebcal
21,7,Saturday,Ki Tisa,When You Lift,כי תשא,Exodus 34:27-34:35,https://www.sefaria.org/Exodus%2034%3A27-34%3A35?lang=bi,Exodus  30:11-34:35,Isa 43:21-44:23,Heb 13:10-17,Recovered from HomeGroupsApp PWA; daily aliyot from Hebcal
22,1,Sunday,Vayakhel,He Assembled,ויקהל,Exodus 35:1-35:20,https://www.sefaria.org/Exodus%2035%3A1-35%3A20?lang=bi,Exodus  35:1-38:20,Jer 7:21-8:3; 9:22-23,2 Cor 3:1-18,Recovered from HomeGroupsApp PWA; daily aliyot from Hebcal
22,2,Monday,Vayakhel,He Assembled,ויקהל,Exodus 35:21-35:29,https://www.sefaria.org/Exodus%2035%3A21-35%3A29?lang=bi,Exodus  35:1-38:20,Jer 7:21-8:3; 9:22-23,2 Cor 3:1-18,Recovered from HomeGroupsApp PWA; daily aliyot from Hebcal
22,3,Tuesday,Vayakhel,He Assembled,ויקהל,Exodus 35:30-36:7,https://www.sefaria.org/Exodus%2035%3A30-36%3A7?lang=bi,Exodus  35:1-38:20,Jer 7:21-8:3; 9:22-23,2 Cor 3:1-18,Recovered from HomeGroupsApp PWA; daily aliyot from Hebcal
22,4,Wednesday,Vayakhel,He Assembled,ויקהל,Exodus 36:8-36:19,https://www.sefaria.org/Exodus%2036%3A8-36%3A19?lang=bi,Exodus  35:1-38:20,Jer 7:21-8:3; 9:22-23,2 Cor 3:1-18,Recovered from HomeGroupsApp PWA; daily aliyot from Hebcal
22,5,Thursday,Vayakhel,He Assembled,ויקהל,Exodus 36:20-37:16,https://www.sefaria.org/Exodus%2036%3A20-37%3A16?lang=bi,Exodus  35:1-38:20,Jer 7:21-8:3; 9:22-23,2 Cor 3:1-18,Recovered from HomeGroupsApp PWA; daily aliyot from Hebcal
22,6,Friday,Vayakhel,He Assembled,ויקהל,Exodus 37:17-37:29,https://www.sefaria.org/Exodus%2037%3A17-37%3A29?lang=bi,Exodus  35:1-38:20,Jer 7:21-8:3; 9:22-23,2 Cor 3:1-18,Recovered from HomeGroupsApp PWA; daily aliyot from Hebcal
22,7,Saturday,Vayakhel,He Assembled,ויקהל,Exodus 38:1-38:20,https://www.sefaria.org/Exodus%2038%3A1-38%3A20?lang=bi,Exodus  35:1-38:20,Jer 7:21-8:3; 9:22-23,2 Cor 3:1-18,Recovered from HomeGroupsApp PWA; daily aliyot from Hebcal
23,1,Sunday,Pekudei,Accounts,פקודי,Exodus 38:21-39:1,https://www.sefaria.org/Exodus%2038%3A21-39%3A1?lang=bi,Exodus  38:21-40:38,II Sam 6:1-7:17,2 Cor 9:6-11; 1 Cor 3:11-18,Recovered from HomeGroupsApp PWA; daily aliyot from Hebcal
23,2,Monday,Pekudei,Accounts,פקודי,Exodus 39:2-39:21,https://www.sefaria.org/Exodus%2039%3A2-39%3A21?lang=bi,Exodus  38:21-40:38,II Sam 6:1-7:17,2 Cor 9:6-11; 1 Cor 3:11-18,Recovered from HomeGroupsApp PWA; daily aliyot from Hebcal
23,3,Tuesday,Pekudei,Accounts,פקודי,Exodus 39:22-39:32,https://www.sefaria.org/Exodus%2039%3A22-39%3A32?lang=bi,Exodus  38:21-40:38,II Sam 6:1-7:17,2 Cor 9:6-11; 1 Cor 3:11-18,Recovered from HomeGroupsApp PWA; daily aliyot from Hebcal
23,4,Wednesday,Pekudei,Accounts,פקודי,Exodus 39:33-39:43,https://www.sefaria.org/Exodus%2039%3A33-39%3A43?lang=bi,Exodus  38:21-40:38,II Sam 6:1-7:17,2 Cor 9:6-11; 1 Cor 3:11-18,Recovered from HomeGroupsApp PWA; daily aliyot from Hebcal
23,5,Thursday,Pekudei,Accounts,פקודי,Exodus 40:1-40:16,https://www.sefaria.org/Exodus%2040%3A1-40%3A16?lang=bi,Exodus  38:21-40:38,II Sam 6:1-7:17,2 Cor 9:6-11; 1 Cor 3:11-18,Recovered from HomeGroupsApp PWA; daily aliyot from Hebcal
23,6,Friday,Pekudei,Accounts,פקודי,Exodus 40:17-40:27,https://www.sefaria.org/Exodus%2040%3A17-40%3A27?lang=bi,Exodus  38:21-40:38,II Sam 6:1-7:17,2 Cor 9:6-11; 1 Cor 3:11-18,Recovered from HomeGroupsApp PWA; daily aliyot from Hebcal
23,7,Saturday,Pekudei,Accounts,פקודי,Exodus 40:28-40:38,https://www.sefaria.org/Exodus%2040%3A28-40%3A38?lang=bi,Exodus  38:21-40:38,II Sam 6:1-7:17,2 Cor 9:6-11; 1 Cor 3:11-18,Recovered from HomeGroupsApp PWA; daily aliyot from Hebcal
24,1,Sunday,Vayikra,And He Called,ויקרא,Leviticus 1:1-1:13,https://www.sefaria.org/Leviticus%201%3A1-1%3A13?lang=bi,Leviticus  1:1-5:26,II Ki 4:42-5:19,Heb 1:1-14,Recovered from HomeGroupsApp PWA; daily aliyot from Hebcal
24,2,Monday,Vayikra,And He Called,ויקרא,Leviticus 1:14-2:6,https://www.sefaria.org/Leviticus%201%3A14-2%3A6?lang=bi,Leviticus  1:1-5:26,II Ki 4:42-5:19,Heb 1:1-14,Recovered from HomeGroupsApp PWA; daily aliyot from Hebcal
24,3,Tuesday,Vayikra,And He Called,ויקרא,Leviticus 2:7-2:16,https://www.sefaria.org/Leviticus%202%3A7-2%3A16?lang=bi,Leviticus  1:1-5:26,II Ki 4:42-5:19,Heb 1:1-14,Recovered from HomeGroupsApp PWA; daily aliyot from Hebcal
24,4,Wednesday,Vayikra,And He Called,ויקרא,Leviticus 3:1-3:17,https://www.sefaria.org/Leviticus%203%3A1-3%3A17?lang=bi,Leviticus  1:1-5:26,II Ki 4:42-5:19,Heb 1:1-14,Recovered from HomeGroupsApp PWA; daily aliyot from Hebcal
24,5,Thursday,Vayikra,And He Called,ויקרא,Leviticus 4:1-4:26,https://www.sefaria.org/Leviticus%204%3A1-4%3A26?lang=bi,Leviticus  1:1-5:26,II Ki 4:42-5:19,Heb 1:1-14,Recovered from HomeGroupsApp PWA; daily aliyot from Hebcal
24,6,Friday,Vayikra,And He Called,ויקרא,Leviticus 4:27-5:10,https://www.sefaria.org/Leviticus%204%3A27-5%3A10?lang=bi,Leviticus  1:1-5:26,II Ki 4:42-5:19,Heb 1:1-14,Recovered from HomeGroupsApp PWA; daily aliyot from Hebcal
24,7,Saturday,Vayikra,And He Called,ויקרא,Leviticus 5:11-5:26,https://www.sefaria.org/Leviticus%205%3A11-5%3A26?lang=bi,Leviticus  1:1-5:26,II Ki 4:42-5:19,Heb 1:1-14,Recovered from HomeGroupsApp PWA; daily aliyot from Hebcal
25,1,Sunday,Tzav,Command,צו,Leviticus 6:1-6:11,https://www.sefaria.org/Leviticus%206%3A1-6%3A11?lang=bi,Leviticus  6:1-8:36,II Ki 7:3-7:20,Heb 10:1-18,Recovered from HomeGroupsApp PWA; daily aliyot from Hebcal; Corrected erroneous PWA Hebrew בחוקותי to צו
25,2,Monday,Tzav,Command,צו,Leviticus 6:12-7:10,https://www.sefaria.org/Leviticus%206%3A12-7%3A10?lang=bi,Leviticus  6:1-8:36,II Ki 7:3-7:20,Heb 10:1-18,Recovered from HomeGroupsApp PWA; daily aliyot from Hebcal; Corrected erroneous PWA Hebrew בחוקותי to צו
25,3,Tuesday,Tzav,Command,צו,Leviticus 7:11-7:38,https://www.sefaria.org/Leviticus%207%3A11-7%3A38?lang=bi,Leviticus  6:1-8:36,II Ki 7:3-7:20,Heb 10:1-18,Recovered from HomeGroupsApp PWA; daily aliyot from Hebcal; Corrected erroneous PWA Hebrew בחוקותי to צו
25,4,Wednesday,Tzav,Command,צו,Leviticus 8:1-8:13,https://www.sefaria.org/Leviticus%208%3A1-8%3A13?lang=bi,Leviticus  6:1-8:36,II Ki 7:3-7:20,Heb 10:1-18,Recovered from HomeGroupsApp PWA; daily aliyot from Hebcal; Corrected erroneous PWA Hebrew בחוקותי to צו
25,5,Thursday,Tzav,Command,צו,Leviticus 8:14-8:21,https://www.sefaria.org/Leviticus%208%3A14-8%3A21?lang=bi,Leviticus  6:1-8:36,II Ki 7:3-7:20,Heb 10:1-18,Recovered from HomeGroupsApp PWA; daily aliyot from Hebcal; Corrected erroneous PWA Hebrew בחוקותי to צו
25,6,Friday,Tzav,Command,צו,Leviticus 8:22-8:29,https://www.sefaria.org/Leviticus%208%3A22-8%3A29?lang=bi,Leviticus  6:1-8:36,II Ki 7:3-7:20,Heb 10:1-18,Recovered from HomeGroupsApp PWA; daily aliyot from Hebcal; Corrected erroneous PWA Hebrew בחוקותי to צו
25,7,Saturday,Tzav,Command,צו,Leviticus 8:30-8:36,https://www.sefaria.org/Leviticus%208%3A30-8%3A36?lang=bi,Leviticus  6:1-8:36,II Ki 7:3-7:20,Heb 10:1-18,Recovered from HomeGroupsApp PWA; daily aliyot from Hebcal; Corrected erroneous PWA Hebrew בחוקותי to צו
26,1,Sunday,Shmini,Eighth,שמיני,Leviticus 9:1-9:16,https://www.sefaria.org/Leviticus%209%3A1-9%3A16?lang=bi,Leviticus  9:1-11:47,Ezek 22:1-22:19,Heb 7:24-8:6,Recovered from HomeGroupsApp PWA; daily aliyot from Hebcal; Transliteration standardized from Shemini to Hebcal Shmini
26,2,Monday,Shmini,Eighth,שמיני,Leviticus 9:17-9:23,https://www.sefaria.org/Leviticus%209%3A17-9%3A23?lang=bi,Leviticus  9:1-11:47,Ezek 22:1-22:19,Heb 7:24-8:6,Recovered from HomeGroupsApp PWA; daily aliyot from Hebcal; Transliteration standardized from Shemini to Hebcal Shmini
26,3,Tuesday,Shmini,Eighth,שמיני,Leviticus 9:24-10:11,https://www.sefaria.org/Leviticus%209%3A24-10%3A11?lang=bi,Leviticus  9:1-11:47,Ezek 22:1-22:19,Heb 7:24-8:6,Recovered from HomeGroupsApp PWA; daily aliyot from Hebcal; Transliteration standardized from Shemini to Hebcal Shmini
26,4,Wednesday,Shmini,Eighth,שמיני,Leviticus 10:12-10:15,https://www.sefaria.org/Leviticus%2010%3A12-10%3A15?lang=bi,Leviticus  9:1-11:47,Ezek 22:1-22:19,Heb 7:24-8:6,Recovered from HomeGroupsApp PWA; daily aliyot from Hebcal; Transliteration standardized from Shemini to Hebcal Shmini
26,5,Thursday,Shmini,Eighth,שמיני,Leviticus 10:16-10:20,https://www.sefaria.org/Leviticus%2010%3A16-10%3A20?lang=bi,Leviticus  9:1-11:47,Ezek 22:1-22:19,Heb 7:24-8:6,Recovered from HomeGroupsApp PWA; daily aliyot from Hebcal; Transliteration standardized from Shemini to Hebcal Shmini
26,6,Friday,Shmini,Eighth,שמיני,Leviticus 11:1-11:32,https://www.sefaria.org/Leviticus%2011%3A1-11%3A32?lang=bi,Leviticus  9:1-11:47,Ezek 22:1-22:19,Heb 7:24-8:6,Recovered from HomeGroupsApp PWA; daily aliyot from Hebcal; Transliteration standardized from Shemini to Hebcal Shmini
26,7,Saturday,Shmini,Eighth,שמיני,Leviticus 11:33-11:47,https://www.sefaria.org/Leviticus%2011%3A33-11%3A47?lang=bi,Leviticus  9:1-11:47,Ezek 22:1-22:19,Heb 7:24-8:6,Recovered from HomeGroupsApp PWA; daily aliyot from Hebcal; Transliteration standardized from Shemini to Hebcal Shmini
27,1,Sunday,Tazria,She Will Conceive,תזריע,Leviticus 12:1-13:5,https://www.sefaria.org/Leviticus%2012%3A1-13%3A5?lang=bi,Leviticus  12:1-13:59,Amos 9:7-9:15,Heb 7:1-19; 8:1-6,Recovered from HomeGroupsApp PWA; daily aliyot from Hebcal
27,2,Monday,Tazria,She Will Conceive,תזריע,Leviticus 13:6-13:17,https://www.sefaria.org/Leviticus%2013%3A6-13%3A17?lang=bi,Leviticus  12:1-13:59,Amos 9:7-9:15,Heb 7:1-19; 8:1-6,Recovered from HomeGroupsApp PWA; daily aliyot from Hebcal
27,3,Tuesday,Tazria,She Will Conceive,תזריע,Leviticus 13:18-13:23,https://www.sefaria.org/Leviticus%2013%3A18-13%3A23?lang=bi,Leviticus  12:1-13:59,Amos 9:7-9:15,Heb 7:1-19; 8:1-6,Recovered from HomeGroupsApp PWA; daily aliyot from Hebcal
27,4,Wednesday,Tazria,She Will Conceive,תזריע,Leviticus 13:24-13:28,https://www.sefaria.org/Leviticus%2013%3A24-13%3A28?lang=bi,Leviticus  12:1-13:59,Amos 9:7-9:15,Heb 7:1-19; 8:1-6,Recovered from HomeGroupsApp PWA; daily aliyot from Hebcal
27,5,Thursday,Tazria,She Will Conceive,תזריע,Leviticus 13:29-13:39,https://www.sefaria.org/Leviticus%2013%3A29-13%3A39?lang=bi,Leviticus  12:1-13:59,Amos 9:7-9:15,Heb 7:1-19; 8:1-6,Recovered from HomeGroupsApp PWA; daily aliyot from Hebcal
27,6,Friday,Tazria,She Will Conceive,תזריע,Leviticus 13:40-13:54,https://www.sefaria.org/Leviticus%2013%3A40-13%3A54?lang=bi,Leviticus  12:1-13:59,Amos 9:7-9:15,Heb 7:1-19; 8:1-6,Recovered from HomeGroupsApp PWA; daily aliyot from Hebcal
27,7,Saturday,Tazria,She Will Conceive,תזריע,Leviticus 13:55-13:59,https://www.sefaria.org/Leviticus%2013%3A55-13%3A59?lang=bi,Leviticus  12:1-13:59,Amos 9:7-9:15,Heb 7:1-19; 8:1-6,Recovered from HomeGroupsApp PWA; daily aliyot from Hebcal
28,1,Sunday,Metzora,Leper,מצורע,Leviticus 14:1-14:12,https://www.sefaria.org/Leviticus%2014%3A1-14%3A12?lang=bi,Leviticus  14:1-15:33,Ezek 44:15-44:31,John 6:8-13; Mt 8:1-4,Recovered from HomeGroupsApp PWA; daily aliyot from Hebcal
28,2,Monday,Metzora,Leper,מצורע,Leviticus 14:13-14:20,https://www.sefaria.org/Leviticus%2014%3A13-14%3A20?lang=bi,Leviticus  14:1-15:33,Ezek 44:15-44:31,John 6:8-13; Mt 8:1-4,Recovered from HomeGroupsApp PWA; daily aliyot from Hebcal
28,3,Tuesday,Metzora,Leper,מצורע,Leviticus 14:21-14:32,https://www.sefaria.org/Leviticus%2014%3A21-14%3A32?lang=bi,Leviticus  14:1-15:33,Ezek 44:15-44:31,John 6:8-13; Mt 8:1-4,Recovered from HomeGroupsApp PWA; daily aliyot from Hebcal
28,4,Wednesday,Metzora,Leper,מצורע,Leviticus 14:33-14:53,https://www.sefaria.org/Leviticus%2014%3A33-14%3A53?lang=bi,Leviticus  14:1-15:33,Ezek 44:15-44:31,John 6:8-13; Mt 8:1-4,Recovered from HomeGroupsApp PWA; daily aliyot from Hebcal
28,5,Thursday,Metzora,Leper,מצורע,Leviticus 14:54-15:15,https://www.sefaria.org/Leviticus%2014%3A54-15%3A15?lang=bi,Leviticus  14:1-15:33,Ezek 44:15-44:31,John 6:8-13; Mt 8:1-4,Recovered from HomeGroupsApp PWA; daily aliyot from Hebcal
28,6,Friday,Metzora,Leper,מצורע,Leviticus 15:16-15:28,https://www.sefaria.org/Leviticus%2015%3A16-15%3A28?lang=bi,Leviticus  14:1-15:33,Ezek 44:15-44:31,John 6:8-13; Mt 8:1-4,Recovered from HomeGroupsApp PWA; daily aliyot from Hebcal
28,7,Saturday,Metzora,Leper,מצורע,Leviticus 15:29-15:33,https://www.sefaria.org/Leviticus%2015%3A29-15%3A33?lang=bi,Leviticus  14:1-15:33,Ezek 44:15-44:31,John 6:8-13; Mt 8:1-4,Recovered from HomeGroupsApp PWA; daily aliyot from Hebcal
29,1,Sunday,Achrei Mot,After the Death,אחרי מות,Leviticus 16:1-16:17,https://www.sefaria.org/Leviticus%2016%3A1-16%3A17?lang=bi,Leviticus  16:1-18:30,Jer 32:6-32:27,Matt 8:1-17,Recovered from HomeGroupsApp PWA; daily aliyot from Hebcal; Transliteration standardized from Acharei Mot to Hebcal Achrei Mot
29,2,Monday,Achrei Mot,After the Death,אחרי מות,Leviticus 16:18-16:24,https://www.sefaria.org/Leviticus%2016%3A18-16%3A24?lang=bi,Leviticus  16:1-18:30,Jer 32:6-32:27,Matt 8:1-17,Recovered from HomeGroupsApp PWA; daily aliyot from Hebcal; Transliteration standardized from Acharei Mot to Hebcal Achrei Mot
29,3,Tuesday,Achrei Mot,After the Death,אחרי מות,Leviticus 16:25-16:34,https://www.sefaria.org/Leviticus%2016%3A25-16%3A34?lang=bi,Leviticus  16:1-18:30,Jer 32:6-32:27,Matt 8:1-17,Recovered from HomeGroupsApp PWA; daily aliyot from Hebcal; Transliteration standardized from Acharei Mot to Hebcal Achrei Mot
29,4,Wednesday,Achrei Mot,After the Death,אחרי מות,Leviticus 17:1-17:7,https://www.sefaria.org/Leviticus%2017%3A1-17%3A7?lang=bi,Leviticus  16:1-18:30,Jer 32:6-32:27,Matt 8:1-17,Recovered from HomeGroupsApp PWA; daily aliyot from Hebcal; Transliteration standardized from Acharei Mot to Hebcal Achrei Mot
29,5,Thursday,Achrei Mot,After the Death,אחרי מות,Leviticus 17:8-18:5,https://www.sefaria.org/Leviticus%2017%3A8-18%3A5?lang=bi,Leviticus  16:1-18:30,Jer 32:6-32:27,Matt 8:1-17,Recovered from HomeGroupsApp PWA; daily aliyot from Hebcal; Transliteration standardized from Acharei Mot to Hebcal Achrei Mot
29,6,Friday,Achrei Mot,After the Death,אחרי מות,Leviticus 18:6-18:21,https://www.sefaria.org/Leviticus%2018%3A6-18%3A21?lang=bi,Leviticus  16:1-18:30,Jer 32:6-32:27,Matt 8:1-17,Recovered from HomeGroupsApp PWA; daily aliyot from Hebcal; Transliteration standardized from Acharei Mot to Hebcal Achrei Mot
29,7,Saturday,Achrei Mot,After the Death,אחרי מות,Leviticus 18:22-18:30,https://www.sefaria.org/Leviticus%2018%3A22-18%3A30?lang=bi,Leviticus  16:1-18:30,Jer 32:6-32:27,Matt 8:1-17,Recovered from HomeGroupsApp PWA; daily aliyot from Hebcal; Transliteration standardized from Acharei Mot to Hebcal Achrei Mot
30,1,Sunday,Kedoshim,Holy Ones,קדושים,Leviticus 19:1-19:14,https://www.sefaria.org/Leviticus%2019%3A1-19%3A14?lang=bi,Leviticus  19:1-20:27,Jer 16:19-17:14,Heb 9:11-28,Recovered from HomeGroupsApp PWA; daily aliyot from Hebcal
30,2,Monday,Kedoshim,Holy Ones,קדושים,Leviticus 19:15-19:22,https://www.sefaria.org/Leviticus%2019%3A15-19%3A22?lang=bi,Leviticus  19:1-20:27,Jer 16:19-17:14,Heb 9:11-28,Recovered from HomeGroupsApp PWA; daily aliyot from Hebcal
30,3,Tuesday,Kedoshim,Holy Ones,קדושים,Leviticus 19:23-19:32,https://www.sefaria.org/Leviticus%2019%3A23-19%3A32?lang=bi,Leviticus  19:1-20:27,Jer 16:19-17:14,Heb 9:11-28,Recovered from HomeGroupsApp PWA; daily aliyot from Hebcal
30,4,Wednesday,Kedoshim,Holy Ones,קדושים,Leviticus 19:33-19:37,https://www.sefaria.org/Leviticus%2019%3A33-19%3A37?lang=bi,Leviticus  19:1-20:27,Jer 16:19-17:14,Heb 9:11-28,Recovered from HomeGroupsApp PWA; daily aliyot from Hebcal
30,5,Thursday,Kedoshim,Holy Ones,קדושים,Leviticus 20:1-20:7,https://www.sefaria.org/Leviticus%2020%3A1-20%3A7?lang=bi,Leviticus  19:1-20:27,Jer 16:19-17:14,Heb 9:11-28,Recovered from HomeGroupsApp PWA; daily aliyot from Hebcal
30,6,Friday,Kedoshim,Holy Ones,קדושים,Leviticus 20:8-20:22,https://www.sefaria.org/Leviticus%2020%3A8-20%3A22?lang=bi,Leviticus  19:1-20:27,Jer 16:19-17:14,Heb 9:11-28,Recovered from HomeGroupsApp PWA; daily aliyot from Hebcal
30,7,Saturday,Kedoshim,Holy Ones,קדושים,Leviticus 20:23-20:27,https://www.sefaria.org/Leviticus%2020%3A23-20%3A27?lang=bi,Leviticus  19:1-20:27,Jer 16:19-17:14,Heb 9:11-28,Recovered from HomeGroupsApp PWA; daily aliyot from Hebcal
31,1,Sunday,Emor,Say,אמר,Leviticus 21:1-21:15,https://www.sefaria.org/Leviticus%2021%3A1-21%3A15?lang=bi,Leviticus  21:1-24:23,Hos 2:1-2:23,1 Cor 6:9-20; 1 Pet 1:13-16,Recovered from HomeGroupsApp PWA; daily aliyot from Hebcal
31,2,Monday,Emor,Say,אמר,Leviticus 21:16-22:16,https://www.sefaria.org/Leviticus%2021%3A16-22%3A16?lang=bi,Leviticus  21:1-24:23,Hos 2:1-2:23,1 Cor 6:9-20; 1 Pet 1:13-16,Recovered from HomeGroupsApp PWA; daily aliyot from Hebcal
31,3,Tuesday,Emor,Say,אמר,Leviticus 22:17-22:33,https://www.sefaria.org/Leviticus%2022%3A17-22%3A33?lang=bi,Leviticus  21:1-24:23,Hos 2:1-2:23,1 Cor 6:9-20; 1 Pet 1:13-16,Recovered from HomeGroupsApp PWA; daily aliyot from Hebcal
31,4,Wednesday,Emor,Say,אמר,Leviticus 23:1-23:22,https://www.sefaria.org/Leviticus%2023%3A1-23%3A22?lang=bi,Leviticus  21:1-24:23,Hos 2:1-2:23,1 Cor 6:9-20; 1 Pet 1:13-16,Recovered from HomeGroupsApp PWA; daily aliyot from Hebcal
31,5,Thursday,Emor,Say,אמר,Leviticus 23:23-23:32,https://www.sefaria.org/Leviticus%2023%3A23-23%3A32?lang=bi,Leviticus  21:1-24:23,Hos 2:1-2:23,1 Cor 6:9-20; 1 Pet 1:13-16,Recovered from HomeGroupsApp PWA; daily aliyot from Hebcal
31,6,Friday,Emor,Say,אמר,Leviticus 23:33-23:44,https://www.sefaria.org/Leviticus%2023%3A33-23%3A44?lang=bi,Leviticus  21:1-24:23,Hos 2:1-2:23,1 Cor 6:9-20; 1 Pet 1:13-16,Recovered from HomeGroupsApp PWA; daily aliyot from Hebcal
31,7,Saturday,Emor,Say,אמר,Leviticus 24:1-24:23,https://www.sefaria.org/Leviticus%2024%3A1-24%3A23?lang=bi,Leviticus  21:1-24:23,Hos 2:1-2:23,1 Cor 6:9-20; 1 Pet 1:13-16,Recovered from HomeGroupsApp PWA; daily aliyot from Hebcal
32,1,Sunday,Behar,On the Mount,בהר,Leviticus 25:1-25:13,https://www.sefaria.org/Leviticus%2025%3A1-25%3A13?lang=bi,Leviticus  25:1-26:2,Judges 13:2-13:25,1 Pet 2:4-10,Recovered from HomeGroupsApp PWA; daily aliyot from Hebcal
32,2,Monday,Behar,On the Mount,בהר,Leviticus 25:14-25:18,https://www.sefaria.org/Leviticus%2025%3A14-25%3A18?lang=bi,Leviticus  25:1-26:2,Judges 13:2-13:25,1 Pet 2:4-10,Recovered from HomeGroupsApp PWA; daily aliyot from Hebcal
32,3,Tuesday,Behar,On the Mount,בהר,Leviticus 25:19-25:24,https://www.sefaria.org/Leviticus%2025%3A19-25%3A24?lang=bi,Leviticus  25:1-26:2,Judges 13:2-13:25,1 Pet 2:4-10,Recovered from HomeGroupsApp PWA; daily aliyot from Hebcal
32,4,Wednesday,Behar,On the Mount,בהר,Leviticus 25:25-25:28,https://www.sefaria.org/Leviticus%2025%3A25-25%3A28?lang=bi,Leviticus  25:1-26:2,Judges 13:2-13:25,1 Pet 2:4-10,Recovered from HomeGroupsApp PWA; daily aliyot from Hebcal
32,5,Thursday,Behar,On the Mount,בהר,Leviticus 25:29-25:38,https://www.sefaria.org/Leviticus%2025%3A29-25%3A38?lang=bi,Leviticus  25:1-26:2,Judges 13:2-13:25,1 Pet 2:4-10,Recovered from HomeGroupsApp PWA; daily aliyot from Hebcal
32,6,Friday,Behar,On the Mount,בהר,Leviticus 25:39-25:46,https://www.sefaria.org/Leviticus%2025%3A39-25%3A46?lang=bi,Leviticus  25:1-26:2,Judges 13:2-13:25,1 Pet 2:4-10,Recovered from HomeGroupsApp PWA; daily aliyot from Hebcal
32,7,Saturday,Behar,On the Mount,בהר,Leviticus 25:47-26:2,https://www.sefaria.org/Leviticus%2025%3A47-26%3A2?lang=bi,Leviticus  25:1-26:2,Judges 13:2-13:25,1 Pet 2:4-10,Recovered from HomeGroupsApp PWA; daily aliyot from Hebcal
33,1,Sunday,Bechukotai,By My Decrees,בחוקותי,Leviticus 26:3-26:5,https://www.sefaria.org/Leviticus%2026%3A3-26%3A5?lang=bi,Leviticus  26:3-27:34,Zech 2:14-4:7,Lk 4:16-21,Recovered from HomeGroupsApp PWA; daily aliyot from Hebcal
33,2,Monday,Bechukotai,By My Decrees,בחוקותי,Leviticus 26:6-26:9,https://www.sefaria.org/Leviticus%2026%3A6-26%3A9?lang=bi,Leviticus  26:3-27:34,Zech 2:14-4:7,Lk 4:16-21,Recovered from HomeGroupsApp PWA; daily aliyot from Hebcal
33,3,Tuesday,Bechukotai,By My Decrees,בחוקותי,Leviticus 26:10-26:46,https://www.sefaria.org/Leviticus%2026%3A10-26%3A46?lang=bi,Leviticus  26:3-27:34,Zech 2:14-4:7,Lk 4:16-21,Recovered from HomeGroupsApp PWA; daily aliyot from Hebcal
33,4,Wednesday,Bechukotai,By My Decrees,בחוקותי,Leviticus 27:1-27:15,https://www.sefaria.org/Leviticus%2027%3A1-27%3A15?lang=bi,Leviticus  26:3-27:34,Zech 2:14-4:7,Lk 4:16-21,Recovered from HomeGroupsApp PWA; daily aliyot from Hebcal
33,5,Thursday,Bechukotai,By My Decrees,בחוקותי,Leviticus 27:16-27:21,https://www.sefaria.org/Leviticus%2027%3A16-27%3A21?lang=bi,Leviticus  26:3-27:34,Zech 2:14-4:7,Lk 4:16-21,Recovered from HomeGroupsApp PWA; daily aliyot from Hebcal
33,6,Friday,Bechukotai,By My Decrees,בחוקותי,Leviticus 27:22-27:28,https://www.sefaria.org/Leviticus%2027%3A22-27%3A28?lang=bi,Leviticus  26:3-27:34,Zech 2:14-4:7,Lk 4:16-21,Recovered from HomeGroupsApp PWA; daily aliyot from Hebcal
33,7,Saturday,Bechukotai,By My Decrees,בחוקותי,Leviticus 27:29-27:34,https://www.sefaria.org/Leviticus%2027%3A29-27%3A34?lang=bi,Leviticus  26:3-27:34,Zech 2:14-4:7,Lk 4:16-21,Recovered from HomeGroupsApp PWA; daily aliyot from Hebcal
34,1,Sunday,Bamidbar,In the Wilderness,במדבר,Numbers 1:1-1:19,https://www.sefaria.org/Numbers%201%3A1-1%3A19?lang=bi,Numbers  1:1-4:20,Josh 2:1-2:24,Mt. 21:33-46; 2 Cor 6:14-18,Recovered from HomeGroupsApp PWA; daily aliyot from Hebcal
34,2,Monday,Bamidbar,In the Wilderness,במדבר,Numbers 1:20-1:54,https://www.sefaria.org/Numbers%201%3A20-1%3A54?lang=bi,Numbers  1:1-4:20,Josh 2:1-2:24,Mt. 21:33-46; 2 Cor 6:14-18,Recovered from HomeGroupsApp PWA; daily aliyot from Hebcal
34,3,Tuesday,Bamidbar,In the Wilderness,במדבר,Numbers 2:1-2:34,https://www.sefaria.org/Numbers%202%3A1-2%3A34?lang=bi,Numbers  1:1-4:20,Josh 2:1-2:24,Mt. 21:33-46; 2 Cor 6:14-18,Recovered from HomeGroupsApp PWA; daily aliyot from Hebcal
34,4,Wednesday,Bamidbar,In the Wilderness,במדבר,Numbers 3:1-3:13,https://www.sefaria.org/Numbers%203%3A1-3%3A13?lang=bi,Numbers  1:1-4:20,Josh 2:1-2:24,Mt. 21:33-46; 2 Cor 6:14-18,Recovered from HomeGroupsApp PWA; daily aliyot from Hebcal
34,5,Thursday,Bamidbar,In the Wilderness,במדבר,Numbers 3:14-3:39,https://www.sefaria.org/Numbers%203%3A14-3%3A39?lang=bi,Numbers  1:1-4:20,Josh 2:1-2:24,Mt. 21:33-46; 2 Cor 6:14-18,Recovered from HomeGroupsApp PWA; daily aliyot from Hebcal
34,6,Friday,Bamidbar,In the Wilderness,במדבר,Numbers 3:40-3:51,https://www.sefaria.org/Numbers%203%3A40-3%3A51?lang=bi,Numbers  1:1-4:20,Josh 2:1-2:24,Mt. 21:33-46; 2 Cor 6:14-18,Recovered from HomeGroupsApp PWA; daily aliyot from Hebcal
34,7,Saturday,Bamidbar,In the Wilderness,במדבר,Numbers 4:1-4:20,https://www.sefaria.org/Numbers%204%3A1-4%3A20?lang=bi,Numbers  1:1-4:20,Josh 2:1-2:24,Mt. 21:33-46; 2 Cor 6:14-18,Recovered from HomeGroupsApp PWA; daily aliyot from Hebcal
35,1,Sunday,Nasso,Lift Up,נשא,Numbers 4:21-4:37,https://www.sefaria.org/Numbers%204%3A21-4%3A37?lang=bi,Numbers  4:21-7:89,I Sam 11:14-12:22,Rom 9:22-33; Acts 21:17-26,Recovered from HomeGroupsApp PWA; daily aliyot from Hebcal
35,2,Monday,Nasso,Lift Up,נשא,Numbers 4:38-4:49,https://www.sefaria.org/Numbers%204%3A38-4%3A49?lang=bi,Numbers  4:21-7:89,I Sam 11:14-12:22,Rom 9:22-33; Acts 21:17-26,Recovered from HomeGroupsApp PWA; daily aliyot from Hebcal
35,3,Tuesday,Nasso,Lift Up,נשא,Numbers 5:1-5:10,https://www.sefaria.org/Numbers%205%3A1-5%3A10?lang=bi,Numbers  4:21-7:89,I Sam 11:14-12:22,Rom 9:22-33; Acts 21:17-26,Recovered from HomeGroupsApp PWA; daily aliyot from Hebcal
35,4,Wednesday,Nasso,Lift Up,נשא,Numbers 5:11-6:27,https://www.sefaria.org/Numbers%205%3A11-6%3A27?lang=bi,Numbers  4:21-7:89,I Sam 11:14-12:22,Rom 9:22-33; Acts 21:17-26,Recovered from HomeGroupsApp PWA; daily aliyot from Hebcal
35,5,Thursday,Nasso,Lift Up,נשא,Numbers 7:1-7:41,https://www.sefaria.org/Numbers%207%3A1-7%3A41?lang=bi,Numbers  4:21-7:89,I Sam 11:14-12:22,Rom 9:22-33; Acts 21:17-26,Recovered from HomeGroupsApp PWA; daily aliyot from Hebcal
35,6,Friday,Nasso,Lift Up,נשא,Numbers 7:42-7:71,https://www.sefaria.org/Numbers%207%3A42-7%3A71?lang=bi,Numbers  4:21-7:89,I Sam 11:14-12:22,Rom 9:22-33; Acts 21:17-26,Recovered from HomeGroupsApp PWA; daily aliyot from Hebcal
35,7,Saturday,Nasso,Lift Up,נשא,Numbers 7:72-7:89,https://www.sefaria.org/Numbers%207%3A72-7%3A89?lang=bi,Numbers  4:21-7:89,I Sam 11:14-12:22,Rom 9:22-33; Acts 21:17-26,Recovered from HomeGroupsApp PWA; daily aliyot from Hebcal
36,1,Sunday,Beha’alotcha,When You Light,בהעלתך,Numbers 8:1-8:14,https://www.sefaria.org/Numbers%208%3A1-8%3A14?lang=bi,Numbers  8:1-12:16,Judges 11:1-33,1 Cor 10:6-13; Rev 11:1-19,Recovered from HomeGroupsApp PWA; daily aliyot from Hebcal
36,2,Monday,Beha’alotcha,When You Light,בהעלתך,Numbers 8:15-8:26,https://www.sefaria.org/Numbers%208%3A15-8%3A26?lang=bi,Numbers  8:1-12:16,Judges 11:1-33,1 Cor 10:6-13; Rev 11:1-19,Recovered from HomeGroupsApp PWA; daily aliyot from Hebcal
36,3,Tuesday,Beha’alotcha,When You Light,בהעלתך,Numbers 9:1-9:14,https://www.sefaria.org/Numbers%209%3A1-9%3A14?lang=bi,Numbers  8:1-12:16,Judges 11:1-33,1 Cor 10:6-13; Rev 11:1-19,Recovered from HomeGroupsApp PWA; daily aliyot from Hebcal
36,4,Wednesday,Beha’alotcha,When You Light,בהעלתך,Numbers 9:15-10:10,https://www.sefaria.org/Numbers%209%3A15-10%3A10?lang=bi,Numbers  8:1-12:16,Judges 11:1-33,1 Cor 10:6-13; Rev 11:1-19,Recovered from HomeGroupsApp PWA; daily aliyot from Hebcal
36,5,Thursday,Beha’alotcha,When You Light,בהעלתך,Numbers 10:11-10:34,https://www.sefaria.org/Numbers%2010%3A11-10%3A34?lang=bi,Numbers  8:1-12:16,Judges 11:1-33,1 Cor 10:6-13; Rev 11:1-19,Recovered from HomeGroupsApp PWA; daily aliyot from Hebcal
36,6,Friday,Beha’alotcha,When You Light,בהעלתך,Numbers 10:35-11:29,https://www.sefaria.org/Numbers%2010%3A35-11%3A29?lang=bi,Numbers  8:1-12:16,Judges 11:1-33,1 Cor 10:6-13; Rev 11:1-19,Recovered from HomeGroupsApp PWA; daily aliyot from Hebcal
36,7,Saturday,Beha’alotcha,When You Light,בהעלתך,Numbers 11:30-12:16,https://www.sefaria.org/Numbers%2011%3A30-12%3A16?lang=bi,Numbers  8:1-12:16,Judges 11:1-33,1 Cor 10:6-13; Rev 11:1-19,Recovered from HomeGroupsApp PWA; daily aliyot from Hebcal
37,1,Sunday,Sh’lach,Send,שלח,Numbers 13:1-13:20,https://www.sefaria.org/Numbers%2013%3A1-13%3A20?lang=bi,Numbers  13:1-15:41,Micah 5:6-6:8,Heb 3:7-4:1,Recovered from HomeGroupsApp PWA; daily aliyot from Hebcal
37,2,Monday,Sh’lach,Send,שלח,Numbers 13:21-14:7,https://www.sefaria.org/Numbers%2013%3A21-14%3A7?lang=bi,Numbers  13:1-15:41,Micah 5:6-6:8,Heb 3:7-4:1,Recovered from HomeGroupsApp PWA; daily aliyot from Hebcal
37,3,Tuesday,Sh’lach,Send,שלח,Numbers 14:8-14:25,https://www.sefaria.org/Numbers%2014%3A8-14%3A25?lang=bi,Numbers  13:1-15:41,Micah 5:6-6:8,Heb 3:7-4:1,Recovered from HomeGroupsApp PWA; daily aliyot from Hebcal
37,4,Wednesday,Sh’lach,Send,שלח,Numbers 14:26-15:7,https://www.sefaria.org/Numbers%2014%3A26-15%3A7?lang=bi,Numbers  13:1-15:41,Micah 5:6-6:8,Heb 3:7-4:1,Recovered from HomeGroupsApp PWA; daily aliyot from Hebcal
37,5,Thursday,Sh’lach,Send,שלח,Numbers 15:8-15:16,https://www.sefaria.org/Numbers%2015%3A8-15%3A16?lang=bi,Numbers  13:1-15:41,Micah 5:6-6:8,Heb 3:7-4:1,Recovered from HomeGroupsApp PWA; daily aliyot from Hebcal
37,6,Friday,Sh’lach,Send,שלח,Numbers 15:17-15:26,https://www.sefaria.org/Numbers%2015%3A17-15%3A26?lang=bi,Numbers  13:1-15:41,Micah 5:6-6:8,Heb 3:7-4:1,Recovered from HomeGroupsApp PWA; daily aliyot from Hebcal
37,7,Saturday,Sh’lach,Send,שלח,Numbers 15:27-15:41,https://www.sefaria.org/Numbers%2015%3A27-15%3A41?lang=bi,Numbers  13:1-15:41,Micah 5:6-6:8,Heb 3:7-4:1,Recovered from HomeGroupsApp PWA; daily aliyot from Hebcal
38,1,Sunday,Korach,Korah,קרח,Numbers 16:1-16:13,https://www.sefaria.org/Numbers%2016%3A1-16%3A13?lang=bi,Numbers  16:1-18:32,I Ki 18:46-19:21,Rom 13:1-7,Recovered from HomeGroupsApp PWA; daily aliyot from Hebcal
38,2,Monday,Korach,Korah,קרח,Numbers 16:14-16:19,https://www.sefaria.org/Numbers%2016%3A14-16%3A19?lang=bi,Numbers  16:1-18:32,I Ki 18:46-19:21,Rom 13:1-7,Recovered from HomeGroupsApp PWA; daily aliyot from Hebcal
38,3,Tuesday,Korach,Korah,קרח,Numbers 16:20-17:8,https://www.sefaria.org/Numbers%2016%3A20-17%3A8?lang=bi,Numbers  16:1-18:32,I Ki 18:46-19:21,Rom 13:1-7,Recovered from HomeGroupsApp PWA; daily aliyot from Hebcal
38,4,Wednesday,Korach,Korah,קרח,Numbers 17:9-17:15,https://www.sefaria.org/Numbers%2017%3A9-17%3A15?lang=bi,Numbers  16:1-18:32,I Ki 18:46-19:21,Rom 13:1-7,Recovered from HomeGroupsApp PWA; daily aliyot from Hebcal
38,5,Thursday,Korach,Korah,קרח,Numbers 17:16-17:24,https://www.sefaria.org/Numbers%2017%3A16-17%3A24?lang=bi,Numbers  16:1-18:32,I Ki 18:46-19:21,Rom 13:1-7,Recovered from HomeGroupsApp PWA; daily aliyot from Hebcal
38,6,Friday,Korach,Korah,קרח,Numbers 17:25-18:20,https://www.sefaria.org/Numbers%2017%3A25-18%3A20?lang=bi,Numbers  16:1-18:32,I Ki 18:46-19:21,Rom 13:1-7,Recovered from HomeGroupsApp PWA; daily aliyot from Hebcal
38,7,Saturday,Korach,Korah,קרח,Numbers 18:21-18:32,https://www.sefaria.org/Numbers%2018%3A21-18%3A32?lang=bi,Numbers  16:1-18:32,I Ki 18:46-19:21,Rom 13:1-7,Recovered from HomeGroupsApp PWA; daily aliyot from Hebcal
39,1,Sunday,Chukat,Statute,חקת,Numbers 19:1-19:17,https://www.sefaria.org/Numbers%2019%3A1-19%3A17?lang=bi,Numbers  19:1-22:1,Jer 1:1-2:3,Hebrews 9:11-28; John 3:10-21,Recovered from HomeGroupsApp PWA; daily aliyot from Hebcal
39,2,Monday,Chukat,Statute,חקת,Numbers 19:18-20:6,https://www.sefaria.org/Numbers%2019%3A18-20%3A6?lang=bi,Numbers  19:1-22:1,Jer 1:1-2:3,Hebrews 9:11-28; John 3:10-21,Recovered from HomeGroupsApp PWA; daily aliyot from Hebcal
39,3,Tuesday,Chukat,Statute,חקת,Numbers 20:7-20:13,https://www.sefaria.org/Numbers%2020%3A7-20%3A13?lang=bi,Numbers  19:1-22:1,Jer 1:1-2:3,Hebrews 9:11-28; John 3:10-21,Recovered from HomeGroupsApp PWA; daily aliyot from Hebcal
39,4,Wednesday,Chukat,Statute,חקת,Numbers 20:14-20:21,https://www.sefaria.org/Numbers%2020%3A14-20%3A21?lang=bi,Numbers  19:1-22:1,Jer 1:1-2:3,Hebrews 9:11-28; John 3:10-21,Recovered from HomeGroupsApp PWA; daily aliyot from Hebcal
39,5,Thursday,Chukat,Statute,חקת,Numbers 20:22-21:9,https://www.sefaria.org/Numbers%2020%3A22-21%3A9?lang=bi,Numbers  19:1-22:1,Jer 1:1-2:3,Hebrews 9:11-28; John 3:10-21,Recovered from HomeGroupsApp PWA; daily aliyot from Hebcal
39,6,Friday,Chukat,Statute,חקת,Numbers 21:10-21:20,https://www.sefaria.org/Numbers%2021%3A10-21%3A20?lang=bi,Numbers  19:1-22:1,Jer 1:1-2:3,Hebrews 9:11-28; John 3:10-21,Recovered from HomeGroupsApp PWA; daily aliyot from Hebcal
39,7,Saturday,Chukat,Statute,חקת,Numbers 21:21-22:1,https://www.sefaria.org/Numbers%2021%3A21-22%3A1?lang=bi,Numbers  19:1-22:1,Jer 1:1-2:3,Hebrews 9:11-28; John 3:10-21,Recovered from HomeGroupsApp PWA; daily aliyot from Hebcal
40,1,Sunday,Balak,Balak,בלק,Numbers 22:2-22:12,https://www.sefaria.org/Numbers%2022%3A2-22%3A12?lang=bi,Numbers  22:2-25:9,Jer 2:4-28; 3:4,Rom 11:25-32,Recovered from HomeGroupsApp PWA; daily aliyot from Hebcal
40,2,Monday,Balak,Balak,בלק,Numbers 22:13-22:20,https://www.sefaria.org/Numbers%2022%3A13-22%3A20?lang=bi,Numbers  22:2-25:9,Jer 2:4-28; 3:4,Rom 11:25-32,Recovered from HomeGroupsApp PWA; daily aliyot from Hebcal
40,3,Tuesday,Balak,Balak,בלק,Numbers 22:21-22:38,https://www.sefaria.org/Numbers%2022%3A21-22%3A38?lang=bi,Numbers  22:2-25:9,Jer 2:4-28; 3:4,Rom 11:25-32,Recovered from HomeGroupsApp PWA; daily aliyot from Hebcal
40,4,Wednesday,Balak,Balak,בלק,Numbers 22:39-23:12,https://www.sefaria.org/Numbers%2022%3A39-23%3A12?lang=bi,Numbers  22:2-25:9,Jer 2:4-28; 3:4,Rom 11:25-32,Recovered from HomeGroupsApp PWA; daily aliyot from Hebcal
40,5,Thursday,Balak,Balak,בלק,Numbers 23:13-23:26,https://www.sefaria.org/Numbers%2023%3A13-23%3A26?lang=bi,Numbers  22:2-25:9,Jer 2:4-28; 3:4,Rom 11:25-32,Recovered from HomeGroupsApp PWA; daily aliyot from Hebcal
40,6,Friday,Balak,Balak,בלק,Numbers 23:27-24:13,https://www.sefaria.org/Numbers%2023%3A27-24%3A13?lang=bi,Numbers  22:2-25:9,Jer 2:4-28; 3:4,Rom 11:25-32,Recovered from HomeGroupsApp PWA; daily aliyot from Hebcal
40,7,Saturday,Balak,Balak,בלק,Numbers 24:14-25:9,https://www.sefaria.org/Numbers%2024%3A14-25%3A9?lang=bi,Numbers  22:2-25:9,Jer 2:4-28; 3:4,Rom 11:25-32,Recovered from HomeGroupsApp PWA; daily aliyot from Hebcal
41,1,Sunday,Pinchas,Phinehas,פינחס,Numbers 25:10-26:4,https://www.sefaria.org/Numbers%2025%3A10-26%3A4?lang=bi,Numbers  25:10-30:1,Isa 1:1-1:27,Rom 11:2-32,Recovered from HomeGroupsApp PWA; daily aliyot from Hebcal
41,2,Monday,Pinchas,Phinehas,פינחס,Numbers 26:5-26:51,https://www.sefaria.org/Numbers%2026%3A5-26%3A51?lang=bi,Numbers  25:10-30:1,Isa 1:1-1:27,Rom 11:2-32,Recovered from HomeGroupsApp PWA; daily aliyot from Hebcal
41,3,Tuesday,Pinchas,Phinehas,פינחס,Numbers 26:52-27:5,https://www.sefaria.org/Numbers%2026%3A52-27%3A5?lang=bi,Numbers  25:10-30:1,Isa 1:1-1:27,Rom 11:2-32,Recovered from HomeGroupsApp PWA; daily aliyot from Hebcal
41,4,Wednesday,Pinchas,Phinehas,פינחס,Numbers 27:6-27:23,https://www.sefaria.org/Numbers%2027%3A6-27%3A23?lang=bi,Numbers  25:10-30:1,Isa 1:1-1:27,Rom 11:2-32,Recovered from HomeGroupsApp PWA; daily aliyot from Hebcal
41,5,Thursday,Pinchas,Phinehas,פינחס,Numbers 28:1-28:15,https://www.sefaria.org/Numbers%2028%3A1-28%3A15?lang=bi,Numbers  25:10-30:1,Isa 1:1-1:27,Rom 11:2-32,Recovered from HomeGroupsApp PWA; daily aliyot from Hebcal
41,6,Friday,Pinchas,Phinehas,פינחס,Numbers 28:16-29:11,https://www.sefaria.org/Numbers%2028%3A16-29%3A11?lang=bi,Numbers  25:10-30:1,Isa 1:1-1:27,Rom 11:2-32,Recovered from HomeGroupsApp PWA; daily aliyot from Hebcal
41,7,Saturday,Pinchas,Phinehas,פינחס,Numbers 29:12-30:1,https://www.sefaria.org/Numbers%2029%3A12-30%3A1?lang=bi,Numbers  25:10-30:1,Isa 1:1-1:27,Rom 11:2-32,Recovered from HomeGroupsApp PWA; daily aliyot from Hebcal
42,1,Sunday,Matot,Tribes,מטות,Numbers 30:2-30:17,https://www.sefaria.org/Numbers%2030%3A2-30%3A17?lang=bi,Numbers  30:2-32:42,Isa 40:1-40:26,Matt 5:33-37,Recovered from HomeGroupsApp PWA; daily aliyot from Hebcal
42,2,Monday,Matot,Tribes,מטות,Numbers 31:1-31:12,https://www.sefaria.org/Numbers%2031%3A1-31%3A12?lang=bi,Numbers  30:2-32:42,Isa 40:1-40:26,Matt 5:33-37,Recovered from HomeGroupsApp PWA; daily aliyot from Hebcal
42,3,Tuesday,Matot,Tribes,מטות,Numbers 31:13-31:24,https://www.sefaria.org/Numbers%2031%3A13-31%3A24?lang=bi,Numbers  30:2-32:42,Isa 40:1-40:26,Matt 5:33-37,Recovered from HomeGroupsApp PWA; daily aliyot from Hebcal
42,4,Wednesday,Matot,Tribes,מטות,Numbers 31:25-31:41,https://www.sefaria.org/Numbers%2031%3A25-31%3A41?lang=bi,Numbers  30:2-32:42,Isa 40:1-40:26,Matt 5:33-37,Recovered from HomeGroupsApp PWA; daily aliyot from Hebcal
42,5,Thursday,Matot,Tribes,מטות,Numbers 31:42-31:54,https://www.sefaria.org/Numbers%2031%3A42-31%3A54?lang=bi,Numbers  30:2-32:42,Isa 40:1-40:26,Matt 5:33-37,Recovered from HomeGroupsApp PWA; daily aliyot from Hebcal
42,6,Friday,Matot,Tribes,מטות,Numbers 32:1-32:19,https://www.sefaria.org/Numbers%2032%3A1-32%3A19?lang=bi,Numbers  30:2-32:42,Isa 40:1-40:26,Matt 5:33-37,Recovered from HomeGroupsApp PWA; daily aliyot from Hebcal
42,7,Saturday,Matot,Tribes,מטות,Numbers 32:20-32:42,https://www.sefaria.org/Numbers%2032%3A20-32%3A42?lang=bi,Numbers  30:2-32:42,Isa 40:1-40:26,Matt 5:33-37,Recovered from HomeGroupsApp PWA; daily aliyot from Hebcal
43,1,Sunday,Masei,Journeys,מסעי,Numbers 33:1-33:10,https://www.sefaria.org/Numbers%2033%3A1-33%3A10?lang=bi,Numbers  33:1-36:13,Isa 49:14-51:3,James 4:1-12,Recovered from HomeGroupsApp PWA; daily aliyot from Hebcal
43,2,Monday,Masei,Journeys,מסעי,Numbers 33:11-33:49,https://www.sefaria.org/Numbers%2033%3A11-33%3A49?lang=bi,Numbers  33:1-36:13,Isa 49:14-51:3,James 4:1-12,Recovered from HomeGroupsApp PWA; daily aliyot from Hebcal
43,3,Tuesday,Masei,Journeys,מסעי,Numbers 33:50-34:15,https://www.sefaria.org/Numbers%2033%3A50-34%3A15?lang=bi,Numbers  33:1-36:13,Isa 49:14-51:3,James 4:1-12,Recovered from HomeGroupsApp PWA; daily aliyot from Hebcal
43,4,Wednesday,Masei,Journeys,מסעי,Numbers 34:16-34:29,https://www.sefaria.org/Numbers%2034%3A16-34%3A29?lang=bi,Numbers  33:1-36:13,Isa 49:14-51:3,James 4:1-12,Recovered from HomeGroupsApp PWA; daily aliyot from Hebcal
43,5,Thursday,Masei,Journeys,מסעי,Numbers 35:1-35:8,https://www.sefaria.org/Numbers%2035%3A1-35%3A8?lang=bi,Numbers  33:1-36:13,Isa 49:14-51:3,James 4:1-12,Recovered from HomeGroupsApp PWA; daily aliyot from Hebcal
43,6,Friday,Masei,Journeys,מסעי,Numbers 35:9-35:34,https://www.sefaria.org/Numbers%2035%3A9-35%3A34?lang=bi,Numbers  33:1-36:13,Isa 49:14-51:3,James 4:1-12,Recovered from HomeGroupsApp PWA; daily aliyot from Hebcal
43,7,Saturday,Masei,Journeys,מסעי,Numbers 36:1-36:13,https://www.sefaria.org/Numbers%2036%3A1-36%3A13?lang=bi,Numbers  33:1-36:13,Isa 49:14-51:3,James 4:1-12,Recovered from HomeGroupsApp PWA; daily aliyot from Hebcal
44,1,Sunday,Devarim,Words,דברים,Deuteronomy 1:1-1:10,https://www.sefaria.org/Deuteronomy%201%3A1-1%3A10?lang=bi,Deut. 1:1-3:22,Isa 54:11-55:5,Acts 9:1-21; 1 Tim 3:1-7,Recovered from HomeGroupsApp PWA; daily aliyot from Hebcal
44,2,Monday,Devarim,Words,דברים,Deuteronomy 1:11-1:21,https://www.sefaria.org/Deuteronomy%201%3A11-1%3A21?lang=bi,Deut. 1:1-3:22,Isa 54:11-55:5,Acts 9:1-21; 1 Tim 3:1-7,Recovered from HomeGroupsApp PWA; daily aliyot from Hebcal
44,3,Tuesday,Devarim,Words,דברים,Deuteronomy 1:22-1:38,https://www.sefaria.org/Deuteronomy%201%3A22-1%3A38?lang=bi,Deut. 1:1-3:22,Isa 54:11-55:5,Acts 9:1-21; 1 Tim 3:1-7,Recovered from HomeGroupsApp PWA; daily aliyot from Hebcal
44,4,Wednesday,Devarim,Words,דברים,Deuteronomy 1:39-2:1,https://www.sefaria.org/Deuteronomy%201%3A39-2%3A1?lang=bi,Deut. 1:1-3:22,Isa 54:11-55:5,Acts 9:1-21; 1 Tim 3:1-7,Recovered from HomeGroupsApp PWA; daily aliyot from Hebcal
44,5,Thursday,Devarim,Words,דברים,Deuteronomy 2:2-2:30,https://www.sefaria.org/Deuteronomy%202%3A2-2%3A30?lang=bi,Deut. 1:1-3:22,Isa 54:11-55:5,Acts 9:1-21; 1 Tim 3:1-7,Recovered from HomeGroupsApp PWA; daily aliyot from Hebcal
44,6,Friday,Devarim,Words,דברים,Deuteronomy 2:31-3:14,https://www.sefaria.org/Deuteronomy%202%3A31-3%3A14?lang=bi,Deut. 1:1-3:22,Isa 54:11-55:5,Acts 9:1-21; 1 Tim 3:1-7,Recovered from HomeGroupsApp PWA; daily aliyot from Hebcal
44,7,Saturday,Devarim,Words,דברים,Deuteronomy 3:15-3:22,https://www.sefaria.org/Deuteronomy%203%3A15-3%3A22?lang=bi,Deut. 1:1-3:22,Isa 54:11-55:5,Acts 9:1-21; 1 Tim 3:1-7,Recovered from HomeGroupsApp PWA; daily aliyot from Hebcal
45,1,Sunday,Vaetchanan,I Pleaded,ואתחנן,Deuteronomy 3:23-4:4,https://www.sefaria.org/Deuteronomy%203%3A23-4%3A4?lang=bi,Deuteronomy  3:23-7:11,Isa 51:12-52:12,Mt 23:31-39; Mk 12:28-34,Recovered from HomeGroupsApp PWA; daily aliyot from Hebcal
45,2,Monday,Vaetchanan,I Pleaded,ואתחנן,Deuteronomy 4:5-4:40,https://www.sefaria.org/Deuteronomy%204%3A5-4%3A40?lang=bi,Deuteronomy  3:23-7:11,Isa 51:12-52:12,Mt 23:31-39; Mk 12:28-34,Recovered from HomeGroupsApp PWA; daily aliyot from Hebcal
45,3,Tuesday,Vaetchanan,I Pleaded,ואתחנן,Deuteronomy 4:41-4:49,https://www.sefaria.org/Deuteronomy%204%3A41-4%3A49?lang=bi,Deuteronomy  3:23-7:11,Isa 51:12-52:12,Mt 23:31-39; Mk 12:28-34,Recovered from HomeGroupsApp PWA; daily aliyot from Hebcal
45,4,Wednesday,Vaetchanan,I Pleaded,ואתחנן,Deuteronomy 5:1-5:18,https://www.sefaria.org/Deuteronomy%205%3A1-5%3A18?lang=bi,Deuteronomy  3:23-7:11,Isa 51:12-52:12,Mt 23:31-39; Mk 12:28-34,Recovered from HomeGroupsApp PWA; daily aliyot from Hebcal
45,5,Thursday,Vaetchanan,I Pleaded,ואתחנן,Deuteronomy 5:19-6:3,https://www.sefaria.org/Deuteronomy%205%3A19-6%3A3?lang=bi,Deuteronomy  3:23-7:11,Isa 51:12-52:12,Mt 23:31-39; Mk 12:28-34,Recovered from HomeGroupsApp PWA; daily aliyot from Hebcal
45,6,Friday,Vaetchanan,I Pleaded,ואתחנן,Deuteronomy 6:4-6:25,https://www.sefaria.org/Deuteronomy%206%3A4-6%3A25?lang=bi,Deuteronomy  3:23-7:11,Isa 51:12-52:12,Mt 23:31-39; Mk 12:28-34,Recovered from HomeGroupsApp PWA; daily aliyot from Hebcal
45,7,Saturday,Vaetchanan,I Pleaded,ואתחנן,Deuteronomy 7:1-7:11,https://www.sefaria.org/Deuteronomy%207%3A1-7%3A11?lang=bi,Deuteronomy  3:23-7:11,Isa 51:12-52:12,Mt 23:31-39; Mk 12:28-34,Recovered from HomeGroupsApp PWA; daily aliyot from Hebcal
46,1,Sunday,Eikev,Because,עקב,Deuteronomy 7:12-8:10,https://www.sefaria.org/Deuteronomy%207%3A12-8%3A10?lang=bi,Deuteronomy  7:12-11:25,Isa 54:1-54:10,Heb 11:8-13; Rom 8:31-39,Recovered from HomeGroupsApp PWA; daily aliyot from Hebcal
46,2,Monday,Eikev,Because,עקב,Deuteronomy 8:11-9:3,https://www.sefaria.org/Deuteronomy%208%3A11-9%3A3?lang=bi,Deuteronomy  7:12-11:25,Isa 54:1-54:10,Heb 11:8-13; Rom 8:31-39,Recovered from HomeGroupsApp PWA; daily aliyot from Hebcal
46,3,Tuesday,Eikev,Because,עקב,Deuteronomy 9:4-9:29,https://www.sefaria.org/Deuteronomy%209%3A4-9%3A29?lang=bi,Deuteronomy  7:12-11:25,Isa 54:1-54:10,Heb 11:8-13; Rom 8:31-39,Recovered from HomeGroupsApp PWA; daily aliyot from Hebcal
46,4,Wednesday,Eikev,Because,עקב,Deuteronomy 10:1-10:11,https://www.sefaria.org/Deuteronomy%2010%3A1-10%3A11?lang=bi,Deuteronomy  7:12-11:25,Isa 54:1-54:10,Heb 11:8-13; Rom 8:31-39,Recovered from HomeGroupsApp PWA; daily aliyot from Hebcal
46,5,Thursday,Eikev,Because,עקב,Deuteronomy 10:12-11:9,https://www.sefaria.org/Deuteronomy%2010%3A12-11%3A9?lang=bi,Deuteronomy  7:12-11:25,Isa 54:1-54:10,Heb 11:8-13; Rom 8:31-39,Recovered from HomeGroupsApp PWA; daily aliyot from Hebcal
46,6,Friday,Eikev,Because,עקב,Deuteronomy 11:10-11:21,https://www.sefaria.org/Deuteronomy%2011%3A10-11%3A21?lang=bi,Deuteronomy  7:12-11:25,Isa 54:1-54:10,Heb 11:8-13; Rom 8:31-39,Recovered from HomeGroupsApp PWA; daily aliyot from Hebcal
46,7,Saturday,Eikev,Because,עקב,Deuteronomy 11:22-11:25,https://www.sefaria.org/Deuteronomy%2011%3A22-11%3A25?lang=bi,Deuteronomy  7:12-11:25,Isa 54:1-54:10,Heb 11:8-13; Rom 8:31-39,Recovered from HomeGroupsApp PWA; daily aliyot from Hebcal
47,1,Sunday,Re’eh,See,ראה,Deuteronomy 11:26-12:10,https://www.sefaria.org/Deuteronomy%2011%3A26-12%3A10?lang=bi,Deuteronomy  11:26-16:17,Isa 60:1-60:22,Jn 7:37-52; 1 Jn 4:1-6,Recovered from HomeGroupsApp PWA; daily aliyot from Hebcal
47,2,Monday,Re’eh,See,ראה,Deuteronomy 12:11-12:28,https://www.sefaria.org/Deuteronomy%2012%3A11-12%3A28?lang=bi,Deuteronomy  11:26-16:17,Isa 60:1-60:22,Jn 7:37-52; 1 Jn 4:1-6,Recovered from HomeGroupsApp PWA; daily aliyot from Hebcal
47,3,Tuesday,Re’eh,See,ראה,Deuteronomy 12:29-13:19,https://www.sefaria.org/Deuteronomy%2012%3A29-13%3A19?lang=bi,Deuteronomy  11:26-16:17,Isa 60:1-60:22,Jn 7:37-52; 1 Jn 4:1-6,Recovered from HomeGroupsApp PWA; daily aliyot from Hebcal
47,4,Wednesday,Re’eh,See,ראה,Deuteronomy 14:1-14:21,https://www.sefaria.org/Deuteronomy%2014%3A1-14%3A21?lang=bi,Deuteronomy  11:26-16:17,Isa 60:1-60:22,Jn 7:37-52; 1 Jn 4:1-6,Recovered from HomeGroupsApp PWA; daily aliyot from Hebcal
47,5,Thursday,Re’eh,See,ראה,Deuteronomy 14:22-14:29,https://www.sefaria.org/Deuteronomy%2014%3A22-14%3A29?lang=bi,Deuteronomy  11:26-16:17,Isa 60:1-60:22,Jn 7:37-52; 1 Jn 4:1-6,Recovered from HomeGroupsApp PWA; daily aliyot from Hebcal
47,6,Friday,Re’eh,See,ראה,Deuteronomy 15:1-15:18,https://www.sefaria.org/Deuteronomy%2015%3A1-15%3A18?lang=bi,Deuteronomy  11:26-16:17,Isa 60:1-60:22,Jn 7:37-52; 1 Jn 4:1-6,Recovered from HomeGroupsApp PWA; daily aliyot from Hebcal
47,7,Saturday,Re’eh,See,ראה,Deuteronomy 15:19-16:17,https://www.sefaria.org/Deuteronomy%2015%3A19-16%3A17?lang=bi,Deuteronomy  11:26-16:17,Isa 60:1-60:22,Jn 7:37-52; 1 Jn 4:1-6,Recovered from HomeGroupsApp PWA; daily aliyot from Hebcal
48,1,Sunday,Shoftim,Judges,שופטים,Deuteronomy 16:18-17:13,https://www.sefaria.org/Deuteronomy%2016%3A18-17%3A13?lang=bi,Deuteronomy  16:18-21:9,Isa 61:10-63:9,Jn 1:19-27; Acts 3:22-23,Recovered from HomeGroupsApp PWA; daily aliyot from Hebcal
48,2,Monday,Shoftim,Judges,שופטים,Deuteronomy 17:14-17:20,https://www.sefaria.org/Deuteronomy%2017%3A14-17%3A20?lang=bi,Deuteronomy  16:18-21:9,Isa 61:10-63:9,Jn 1:19-27; Acts 3:22-23,Recovered from HomeGroupsApp PWA; daily aliyot from Hebcal
48,3,Tuesday,Shoftim,Judges,שופטים,Deuteronomy 18:1-18:5,https://www.sefaria.org/Deuteronomy%2018%3A1-18%3A5?lang=bi,Deuteronomy  16:18-21:9,Isa 61:10-63:9,Jn 1:19-27; Acts 3:22-23,Recovered from HomeGroupsApp PWA; daily aliyot from Hebcal
48,4,Wednesday,Shoftim,Judges,שופטים,Deuteronomy 18:6-18:13,https://www.sefaria.org/Deuteronomy%2018%3A6-18%3A13?lang=bi,Deuteronomy  16:18-21:9,Isa 61:10-63:9,Jn 1:19-27; Acts 3:22-23,Recovered from HomeGroupsApp PWA; daily aliyot from Hebcal
48,5,Thursday,Shoftim,Judges,שופטים,Deuteronomy 18:14-19:13,https://www.sefaria.org/Deuteronomy%2018%3A14-19%3A13?lang=bi,Deuteronomy  16:18-21:9,Isa 61:10-63:9,Jn 1:19-27; Acts 3:22-23,Recovered from HomeGroupsApp PWA; daily aliyot from Hebcal
48,6,Friday,Shoftim,Judges,שופטים,Deuteronomy 19:14-20:9,https://www.sefaria.org/Deuteronomy%2019%3A14-20%3A9?lang=bi,Deuteronomy  16:18-21:9,Isa 61:10-63:9,Jn 1:19-27; Acts 3:22-23,Recovered from HomeGroupsApp PWA; daily aliyot from Hebcal
48,7,Saturday,Shoftim,Judges,שופטים,Deuteronomy 20:10-21:9,https://www.sefaria.org/Deuteronomy%2020%3A10-21%3A9?lang=bi,Deuteronomy  16:18-21:9,Isa 61:10-63:9,Jn 1:19-27; Acts 3:22-23,Recovered from HomeGroupsApp PWA; daily aliyot from Hebcal
49,1,Sunday,Ki Teitzei,When You Go Out,כי תצא,Deuteronomy 21:10-21:21,https://www.sefaria.org/Deuteronomy%2021%3A10-21%3A21?lang=bi,Deuteronomy  21:10-25:19,Isa 55:6-56:8,Mt 5:27-30; 1 Cor 5:1-5,Recovered from HomeGroupsApp PWA; daily aliyot from Hebcal
49,2,Monday,Ki Teitzei,When You Go Out,כי תצא,Deuteronomy 21:22-22:7,https://www.sefaria.org/Deuteronomy%2021%3A22-22%3A7?lang=bi,Deuteronomy  21:10-25:19,Isa 55:6-56:8,Mt 5:27-30; 1 Cor 5:1-5,Recovered from HomeGroupsApp PWA; daily aliyot from Hebcal
49,3,Tuesday,Ki Teitzei,When You Go Out,כי תצא,Deuteronomy 22:8-23:7,https://www.sefaria.org/Deuteronomy%2022%3A8-23%3A7?lang=bi,Deuteronomy  21:10-25:19,Isa 55:6-56:8,Mt 5:27-30; 1 Cor 5:1-5,Recovered from HomeGroupsApp PWA; daily aliyot from Hebcal
49,4,Wednesday,Ki Teitzei,When You Go Out,כי תצא,Deuteronomy 23:8-23:24,https://www.sefaria.org/Deuteronomy%2023%3A8-23%3A24?lang=bi,Deuteronomy  21:10-25:19,Isa 55:6-56:8,Mt 5:27-30; 1 Cor 5:1-5,Recovered from HomeGroupsApp PWA; daily aliyot from Hebcal
49,5,Thursday,Ki Teitzei,When You Go Out,כי תצא,Deuteronomy 23:25-24:4,https://www.sefaria.org/Deuteronomy%2023%3A25-24%3A4?lang=bi,Deuteronomy  21:10-25:19,Isa 55:6-56:8,Mt 5:27-30; 1 Cor 5:1-5,Recovered from HomeGroupsApp PWA; daily aliyot from Hebcal
49,6,Friday,Ki Teitzei,When You Go Out,כי תצא,Deuteronomy 24:5-24:13,https://www.sefaria.org/Deuteronomy%2024%3A5-24%3A13?lang=bi,Deuteronomy  21:10-25:19,Isa 55:6-56:8,Mt 5:27-30; 1 Cor 5:1-5,Recovered from HomeGroupsApp PWA; daily aliyot from Hebcal
49,7,Saturday,Ki Teitzei,When You Go Out,כי תצא,Deuteronomy 24:14-25:19,https://www.sefaria.org/Deuteronomy%2024%3A14-25%3A19?lang=bi,Deuteronomy  21:10-25:19,Isa 55:6-56:8,Mt 5:27-30; 1 Cor 5:1-5,Recovered from HomeGroupsApp PWA; daily aliyot from Hebcal
50,1,Sunday,Ki Tavo,When You Come In,כי תבוא,Deuteronomy 26:1-26:11,https://www.sefaria.org/Deuteronomy%2026%3A1-26%3A11?lang=bi,Deuteronomy 26:1-29:8,II Sam 22:1-51,Eph 1:3-6; Rev 21:10-27,Recovered from HomeGroupsApp PWA; daily aliyot from Hebcal; Corrected erroneous PWA Hebrew בחוקותי to כי תבוא
50,2,Monday,Ki Tavo,When You Come In,כי תבוא,Deuteronomy 26:12-26:15,https://www.sefaria.org/Deuteronomy%2026%3A12-26%3A15?lang=bi,Deuteronomy 26:1-29:8,II Sam 22:1-51,Eph 1:3-6; Rev 21:10-27,Recovered from HomeGroupsApp PWA; daily aliyot from Hebcal; Corrected erroneous PWA Hebrew בחוקותי to כי תבוא
50,3,Tuesday,Ki Tavo,When You Come In,כי תבוא,Deuteronomy 26:16-26:19,https://www.sefaria.org/Deuteronomy%2026%3A16-26%3A19?lang=bi,Deuteronomy 26:1-29:8,II Sam 22:1-51,Eph 1:3-6; Rev 21:10-27,Recovered from HomeGroupsApp PWA; daily aliyot from Hebcal; Corrected erroneous PWA Hebrew בחוקותי to כי תבוא
50,4,Wednesday,Ki Tavo,When You Come In,כי תבוא,Deuteronomy 27:1-27:10,https://www.sefaria.org/Deuteronomy%2027%3A1-27%3A10?lang=bi,Deuteronomy 26:1-29:8,II Sam 22:1-51,Eph 1:3-6; Rev 21:10-27,Recovered from HomeGroupsApp PWA; daily aliyot from Hebcal; Corrected erroneous PWA Hebrew בחוקותי to כי תבוא
50,5,Thursday,Ki Tavo,When You Come In,כי תבוא,Deuteronomy 27:11-28:6,https://www.sefaria.org/Deuteronomy%2027%3A11-28%3A6?lang=bi,Deuteronomy 26:1-29:8,II Sam 22:1-51,Eph 1:3-6; Rev 21:10-27,Recovered from HomeGroupsApp PWA; daily aliyot from Hebcal; Corrected erroneous PWA Hebrew בחוקותי to כי תבוא
50,6,Friday,Ki Tavo,When You Come In,כי תבוא,Deuteronomy 28:7-28:69,https://www.sefaria.org/Deuteronomy%2028%3A7-28%3A69?lang=bi,Deuteronomy 26:1-29:8,II Sam 22:1-51,Eph 1:3-6; Rev 21:10-27,Recovered from HomeGroupsApp PWA; daily aliyot from Hebcal; Corrected erroneous PWA Hebrew בחוקותי to כי תבוא
50,7,Saturday,Ki Tavo,When You Come In,כי תבוא,Deuteronomy 29:1-29:8,https://www.sefaria.org/Deuteronomy%2029%3A1-29%3A8?lang=bi,Deuteronomy 26:1-29:8,II Sam 22:1-51,Eph 1:3-6; Rev 21:10-27,Recovered from HomeGroupsApp PWA; daily aliyot from Hebcal; Corrected erroneous PWA Hebrew בחוקותי to כי תבוא
51,1,Sunday,Nitzavim,Standing,נצבים,Deuteronomy 29:9-29:11,https://www.sefaria.org/Deuteronomy%2029%3A9-29%3A11?lang=bi,Deuteronomy  29:9-30:20,Josh 1:1-18,Rom 10:1-11:12; Rev 22:1-5,Recovered from HomeGroupsApp PWA; daily aliyot from Hebcal
51,2,Monday,Nitzavim,Standing,נצבים,Deuteronomy 29:12-29:14,https://www.sefaria.org/Deuteronomy%2029%3A12-29%3A14?lang=bi,Deuteronomy  29:9-30:20,Josh 1:1-18,Rom 10:1-11:12; Rev 22:1-5,Recovered from HomeGroupsApp PWA; daily aliyot from Hebcal
51,3,Tuesday,Nitzavim,Standing,נצבים,Deuteronomy 29:15-29:28,https://www.sefaria.org/Deuteronomy%2029%3A15-29%3A28?lang=bi,Deuteronomy  29:9-30:20,Josh 1:1-18,Rom 10:1-11:12; Rev 22:1-5,Recovered from HomeGroupsApp PWA; daily aliyot from Hebcal
51,4,Wednesday,Nitzavim,Standing,נצבים,Deuteronomy 30:1-30:6,https://www.sefaria.org/Deuteronomy%2030%3A1-30%3A6?lang=bi,Deuteronomy  29:9-30:20,Josh 1:1-18,Rom 10:1-11:12; Rev 22:1-5,Recovered from HomeGroupsApp PWA; daily aliyot from Hebcal
51,5,Thursday,Nitzavim,Standing,נצבים,Deuteronomy 30:7-30:10,https://www.sefaria.org/Deuteronomy%2030%3A7-30%3A10?lang=bi,Deuteronomy  29:9-30:20,Josh 1:1-18,Rom 10:1-11:12; Rev 22:1-5,Recovered from HomeGroupsApp PWA; daily aliyot from Hebcal
51,6,Friday,Nitzavim,Standing,נצבים,Deuteronomy 30:11-30:14,https://www.sefaria.org/Deuteronomy%2030%3A11-30%3A14?lang=bi,Deuteronomy  29:9-30:20,Josh 1:1-18,Rom 10:1-11:12; Rev 22:1-5,Recovered from HomeGroupsApp PWA; daily aliyot from Hebcal
51,7,Saturday,Nitzavim,Standing,נצבים,Deuteronomy 30:15-30:20,https://www.sefaria.org/Deuteronomy%2030%3A15-30%3A20?lang=bi,Deuteronomy  29:9-30:20,Josh 1:1-18,Rom 10:1-11:12; Rev 22:1-5,Recovered from HomeGroupsApp PWA; daily aliyot from Hebcal
52,1,Sunday,Vayeilech,And He Went,וילך,Deuteronomy 31:1-31:3,https://www.sefaria.org/Deuteronomy%2031%3A1-31%3A3?lang=bi,Deuteronomy  31:1-31:30,None — intentional in PWA generated page,None — intentional in PWA generated page,Recovered from HomeGroupsApp PWA; daily aliyot from Hebcal; Transliteration standardized from Vayelech to Hebcal Vayeilech
52,2,Monday,Vayeilech,And He Went,וילך,Deuteronomy 31:4-31:6,https://www.sefaria.org/Deuteronomy%2031%3A4-31%3A6?lang=bi,Deuteronomy  31:1-31:30,None — intentional in PWA generated page,None — intentional in PWA generated page,Recovered from HomeGroupsApp PWA; daily aliyot from Hebcal; Transliteration standardized from Vayelech to Hebcal Vayeilech
52,3,Tuesday,Vayeilech,And He Went,וילך,Deuteronomy 31:7-31:9,https://www.sefaria.org/Deuteronomy%2031%3A7-31%3A9?lang=bi,Deuteronomy  31:1-31:30,None — intentional in PWA generated page,None — intentional in PWA generated page,Recovered from HomeGroupsApp PWA; daily aliyot from Hebcal; Transliteration standardized from Vayelech to Hebcal Vayeilech
52,4,Wednesday,Vayeilech,And He Went,וילך,Deuteronomy 31:10-31:13,https://www.sefaria.org/Deuteronomy%2031%3A10-31%3A13?lang=bi,Deuteronomy  31:1-31:30,None — intentional in PWA generated page,None — intentional in PWA generated page,Recovered from HomeGroupsApp PWA; daily aliyot from Hebcal; Transliteration standardized from Vayelech to Hebcal Vayeilech
52,5,Thursday,Vayeilech,And He Went,וילך,Deuteronomy 31:14-31:19,https://www.sefaria.org/Deuteronomy%2031%3A14-31%3A19?lang=bi,Deuteronomy  31:1-31:30,None — intentional in PWA generated page,None — intentional in PWA generated page,Recovered from HomeGroupsApp PWA; daily aliyot from Hebcal; Transliteration standardized from Vayelech to Hebcal Vayeilech
52,6,Friday,Vayeilech,And He Went,וילך,Deuteronomy 31:20-31:24,https://www.sefaria.org/Deuteronomy%2031%3A20-31%3A24?lang=bi,Deuteronomy  31:1-31:30,None — intentional in PWA generated page,None — intentional in PWA generated page,Recovered from HomeGroupsApp PWA; daily aliyot from Hebcal; Transliteration standardized from Vayelech to Hebcal Vayeilech
52,7,Saturday,Vayeilech,And He Went,וילך,Deuteronomy 31:25-31:30,https://www.sefaria.org/Deuteronomy%2031%3A25-31%3A30?lang=bi,Deuteronomy  31:1-31:30,None — intentional in PWA generated page,None — intentional in PWA generated page,Recovered from HomeGroupsApp PWA; daily aliyot from Hebcal; Transliteration standardized from Vayelech to Hebcal Vayeilech
53,1,Sunday,Ha’azinu,Listen,האזינו,Deuteronomy 32:1-32:6,https://www.sefaria.org/Deuteronomy%2032%3A1-32%3A6?lang=bi,Deuteronomy  32:1-32:6; Deuteronomy 32:7-32:12; Deuteronomy 32:13-32:18; Deuteronomy 32:19-32:28; Deuteronomy 32:29-32:39; Deuteronomy 32:40-32:43; Deuteronomy 32:44-32:52,2 Samuel 22:1-51; Hosea 14:1-9,John 21:1-25; Romans 10:14-11:12; 12:14-21,Added canonical missing portion; daily aliyot from Hebcal and companion readings from 119 Ministries
53,2,Monday,Ha’azinu,Listen,האזינו,Deuteronomy 32:7-32:12,https://www.sefaria.org/Deuteronomy%2032%3A7-32%3A12?lang=bi,Deuteronomy  32:1-32:6; Deuteronomy 32:7-32:12; Deuteronomy 32:13-32:18; Deuteronomy 32:19-32:28; Deuteronomy 32:29-32:39; Deuteronomy 32:40-32:43; Deuteronomy 32:44-32:52,2 Samuel 22:1-51; Hosea 14:1-9,John 21:1-25; Romans 10:14-11:12; 12:14-21,Added canonical missing portion; daily aliyot from Hebcal and companion readings from 119 Ministries
53,3,Tuesday,Ha’azinu,Listen,האזינו,Deuteronomy 32:13-32:18,https://www.sefaria.org/Deuteronomy%2032%3A13-32%3A18?lang=bi,Deuteronomy  32:1-32:6; Deuteronomy 32:7-32:12; Deuteronomy 32:13-32:18; Deuteronomy 32:19-32:28; Deuteronomy 32:29-32:39; Deuteronomy 32:40-32:43; Deuteronomy 32:44-32:52,2 Samuel 22:1-51; Hosea 14:1-9,John 21:1-25; Romans 10:14-11:12; 12:14-21,Added canonical missing portion; daily aliyot from Hebcal and companion readings from 119 Ministries
53,4,Wednesday,Ha’azinu,Listen,האזינו,Deuteronomy 32:19-32:28,https://www.sefaria.org/Deuteronomy%2032%3A19-32%3A28?lang=bi,Deuteronomy  32:1-32:6; Deuteronomy 32:7-32:12; Deuteronomy 32:13-32:18; Deuteronomy 32:19-32:28; Deuteronomy 32:29-32:39; Deuteronomy 32:40-32:43; Deuteronomy 32:44-32:52,2 Samuel 22:1-51; Hosea 14:1-9,John 21:1-25; Romans 10:14-11:12; 12:14-21,Added canonical missing portion; daily aliyot from Hebcal and companion readings from 119 Ministries
53,5,Thursday,Ha’azinu,Listen,האזינו,Deuteronomy 32:29-32:39,https://www.sefaria.org/Deuteronomy%2032%3A29-32%3A39?lang=bi,Deuteronomy  32:1-32:6; Deuteronomy 32:7-32:12; Deuteronomy 32:13-32:18; Deuteronomy 32:19-32:28; Deuteronomy 32:29-32:39; Deuteronomy 32:40-32:43; Deuteronomy 32:44-32:52,2 Samuel 22:1-51; Hosea 14:1-9,John 21:1-25; Romans 10:14-11:12; 12:14-21,Added canonical missing portion; daily aliyot from Hebcal and companion readings from 119 Ministries
53,6,Friday,Ha’azinu,Listen,האזינו,Deuteronomy 32:40-32:43,https://www.sefaria.org/Deuteronomy%2032%3A40-32%3A43?lang=bi,Deuteronomy  32:1-32:6; Deuteronomy 32:7-32:12; Deuteronomy 32:13-32:18; Deuteronomy 32:19-32:28; Deuteronomy 32:29-32:39; Deuteronomy 32:40-32:43; Deuteronomy 32:44-32:52,2 Samuel 22:1-51; Hosea 14:1-9,John 21:1-25; Romans 10:14-11:12; 12:14-21,Added canonical missing portion; daily aliyot from Hebcal and companion readings from 119 Ministries
53,7,Saturday,Ha’azinu,Listen,האזינו,Deuteronomy 32:44-32:52,https://www.sefaria.org/Deuteronomy%2032%3A44-32%3A52?lang=bi,Deuteronomy  32:1-32:6; Deuteronomy 32:7-32:12; Deuteronomy 32:13-32:18; Deuteronomy 32:19-32:28; Deuteronomy 32:29-32:39; Deuteronomy 32:40-32:43; Deuteronomy 32:44-32:52,2 Samuel 22:1-51; Hosea 14:1-9,John 21:1-25; Romans 10:14-11:12; 12:14-21,Added canonical missing portion; daily aliyot from Hebcal and companion readings from 119 Ministries
54,1,Sunday,Vezot Haberakhah,This Is the Blessing,וזאת הברכה,Deuteronomy 33:1-33:7,https://www.sefaria.org/Deuteronomy%2033%3A1-33%3A7?lang=bi,Deuteronomy  33:1-33:7; Deuteronomy 33:8-33:12; Deuteronomy 33:13-33:17; Deuteronomy 33:18-33:21; Deuteronomy 33:22-33:26; Deuteronomy 33:27-34:12; Genesis 1:1-2:3,Joshua 1:1-18,Matthew 17:1-9; Luke 9:28-36; 24:44-53; 1 Thessalonians 5:1-11; Jude 1:3-10,Added canonical missing portion; daily aliyot from Hebcal and companion readings from 119 Ministries
54,2,Monday,Vezot Haberakhah,This Is the Blessing,וזאת הברכה,Deuteronomy 33:8-33:12,https://www.sefaria.org/Deuteronomy%2033%3A8-33%3A12?lang=bi,Deuteronomy  33:1-33:7; Deuteronomy 33:8-33:12; Deuteronomy 33:13-33:17; Deuteronomy 33:18-33:21; Deuteronomy 33:22-33:26; Deuteronomy 33:27-34:12; Genesis 1:1-2:3,Joshua 1:1-18,Matthew 17:1-9; Luke 9:28-36; 24:44-53; 1 Thessalonians 5:1-11; Jude 1:3-10,Added canonical missing portion; daily aliyot from Hebcal and companion readings from 119 Ministries
54,3,Tuesday,Vezot Haberakhah,This Is the Blessing,וזאת הברכה,Deuteronomy 33:13-33:17,https://www.sefaria.org/Deuteronomy%2033%3A13-33%3A17?lang=bi,Deuteronomy  33:1-33:7; Deuteronomy 33:8-33:12; Deuteronomy 33:13-33:17; Deuteronomy 33:18-33:21; Deuteronomy 33:22-33:26; Deuteronomy 33:27-34:12; Genesis 1:1-2:3,Joshua 1:1-18,Matthew 17:1-9; Luke 9:28-36; 24:44-53; 1 Thessalonians 5:1-11; Jude 1:3-10,Added canonical missing portion; daily aliyot from Hebcal and companion readings from 119 Ministries
54,4,Wednesday,Vezot Haberakhah,This Is the Blessing,וזאת הברכה,Deuteronomy 33:18-33:21,https://www.sefaria.org/Deuteronomy%2033%3A18-33%3A21?lang=bi,Deuteronomy  33:1-33:7; Deuteronomy 33:8-33:12; Deuteronomy 33:13-33:17; Deuteronomy 33:18-33:21; Deuteronomy 33:22-33:26; Deuteronomy 33:27-34:12; Genesis 1:1-2:3,Joshua 1:1-18,Matthew 17:1-9; Luke 9:28-36; 24:44-53; 1 Thessalonians 5:1-11; Jude 1:3-10,Added canonical missing portion; daily aliyot from Hebcal and companion readings from 119 Ministries
54,5,Thursday,Vezot Haberakhah,This Is the Blessing,וזאת הברכה,Deuteronomy 33:22-33:26,https://www.sefaria.org/Deuteronomy%2033%3A22-33%3A26?lang=bi,Deuteronomy  33:1-33:7; Deuteronomy 33:8-33:12; Deuteronomy 33:13-33:17; Deuteronomy 33:18-33:21; Deuteronomy 33:22-33:26; Deuteronomy 33:27-34:12; Genesis 1:1-2:3,Joshua 1:1-18,Matthew 17:1-9; Luke 9:28-36; 24:44-53; 1 Thessalonians 5:1-11; Jude 1:3-10,Added canonical missing portion; daily aliyot from Hebcal and companion readings from 119 Ministries
54,6,Friday,Vezot Haberakhah,This Is the Blessing,וזאת הברכה,Deuteronomy 33:27-34:12,https://www.sefaria.org/Deuteronomy%2033%3A27-34%3A12?lang=bi,Deuteronomy  33:1-33:7; Deuteronomy 33:8-33:12; Deuteronomy 33:13-33:17; Deuteronomy 33:18-33:21; Deuteronomy 33:22-33:26; Deuteronomy 33:27-34:12; Genesis 1:1-2:3,Joshua 1:1-18,Matthew 17:1-9; Luke 9:28-36; 24:44-53; 1 Thessalonians 5:1-11; Jude 1:3-10,Added canonical missing portion; daily aliyot from Hebcal and companion readings from 119 Ministries
54,7,Saturday,Vezot Haberakhah,This Is the Blessing,וזאת הברכה,Genesis 1:1-2:3,https://www.sefaria.org/Genesis%201%3A1-2%3A3?lang=bi,Deuteronomy  33:1-33:7; Deuteronomy 33:8-33:12; Deuteronomy 33:13-33:17; Deuteronomy 33:18-33:21; Deuteronomy 33:22-33:26; Deuteronomy 33:27-34:12; Genesis 1:1-2:3,Joshua 1:1-18,Matthew 17:1-9; Luke 9:28-36; 24:44-53; 1 Thessalonians 5:1-11; Jude 1:3-10,Added canonical missing portion; daily aliyot from Hebcal and companion readings from 119 Ministries
